Berber,Berber (Ayt Seghrouchen Middle Atlas),bse
Berber,Berber (Chaouia),bch
Berber,Berber (Figuig),bfg
Berber,Berber (Middle Atlas),bma
Berber,Berber (Mzab),bmz
Berber,Berber (Rif),brf
Berber,Berber (Siwa),bsi
Berber,Berber (Wargla),bou
Berber,Kabyle,kbl
Berber,Tamashek,tsk
Berber,Tashlhiyt,tas
Berber,Tuareg (Ahaggar),tug
Berber,Tuareg (Air),tai
Berber,Tuareg (Ghat),tgh
Berber,Zenaga,zen
Egyptian-Coptic,Coptic,cop
Semitic,Amharic,amh
Semitic,Arabic (Bahrain),abh
Semitic,Arabic (Bani-Hassan),ahs
Semitic,Arabic (Beirut),abe
Semitic,Arabic (Borno Nigerian),arn
Semitic,Arabic (Chadian),abb
Semitic,Arabic (Eastern Libyan),ael
Semitic,Arabic (Egyptian),aeg
Semitic,Arabic (Gulf),arg
Semitic,Arabic (Hijazi),arh
Semitic,Arabic (Iraqi),arq
Semitic,Arabic (Kormakiti),ako
Semitic,Arabic (Kuwaiti),arj
Semitic,Arabic (Lebanese),arl
Semitic,Arabic (Modern Standard),ams
Semitic,Arabic (Moroccan),amr
Semitic,Arabic (Negev),arv
Semitic,Arabic (North Levantine Spoken),anl
Semitic,Arabic (Palestinian),apa
Semitic,Arabic (San&#39;ani),ars
Semitic,Arabic (Syrian),asy
Semitic,Arabic (Tunisian),atu
Semitic,Bathari,bth
Semitic,Chaha,chh
Semitic,Chaldean (Modern),cld
Semitic,Harari,hrr
Semitic,Harsusi,hrs
Semitic,Hebrew (Modern),heb
Semitic,Hebrew (Modern Ashkenazic),hba
Semitic,Jibbali,jib
Semitic,Maltese,mlt
Semitic,Mandaic (Modern),mma
Semitic,Mehri,meh
Semitic,Muher,muh
Semitic,Neo-Aramaic (Amadiya),naa
Semitic,Neo-Aramaic (Arbel Jewish),naj
Semitic,Neo-Aramaic (Assyrian),nsy
Semitic,Neo-Aramaic (Persian Azerbaijan),nap
Semitic,Soddo,sod
Semitic,Soqotri,soq
Semitic,Tigré,tgr
Semitic,Tigré (Beni Amer),tbe
Semitic,Tigrinya,tig
Biu-Mandara,Bana,ban
Biu-Mandara,Buduma,bud
Biu-Mandara,Bura-Pabir,bpa
Biu-Mandara,Daba,dab
Biu-Mandara,Ga&#39;anda,gnd
Biu-Mandara,Gidar,gdr
Biu-Mandara,Giziga,giz
Biu-Mandara,Gude,gud
Biu-Mandara,Guduf,gdf
Biu-Mandara,Hdi,hdi
Biu-Mandara,Kilba,klb
Biu-Mandara,Kotoko,ktk
Biu-Mandara,Lagwan,lag
Biu-Mandara,Lamang,lmg
Biu-Mandara,Mada (in Cameroon),mda
Biu-Mandara,Malgwa,mlg
Biu-Mandara,Margi,mrg
Biu-Mandara,Mbara,mbr
Biu-Mandara,Mina,hna
Biu-Mandara,Mofu-Gudur,mof
Biu-Mandara,Musgu,mgu
Biu-Mandara,Podoko,pod
Biu-Mandara,Tera,ter
Biu-Mandara,Uldeme,uld
East Chadic,Bidiya,bid
East Chadic,Dangaléat (Western),dnw
East Chadic,Kera,ker
East Chadic,Lele,lel
East Chadic,Migama,mig
East Chadic,Mokilko,mko
East Chadic,Tumak,tmk
Masa,Lamé,lam
Masa,Masa,mas
West Chadic,Angas,anc
West Chadic,Bade,bad
West Chadic,Bole,blq
West Chadic,Goemai,goe
West Chadic,Hausa,hau
West Chadic,Kanakuru,knk
West Chadic,Kwami,kwm
West Chadic,Miya,miy
West Chadic,Mupun,mup
West Chadic,Ngizim,ngz
West Chadic,Pa&#39;a,paa
West Chadic,Pero,per
West Chadic,Ron,ron
West Chadic,Tangale,tan
Beja,Beja,bej
Central Cushitic,Awngi,awn
Central Cushitic,Bilin,bln
Central Cushitic,Kemant,kem
Dahalo,Dahalo,dah
Highland East Cushitic,Sidaama,sid
Lowland East Cushitic,Arbore,abo
Lowland East Cushitic,Bayso,bys
Lowland East Cushitic,Burji,brj
Lowland East Cushitic,Dhaasanac,dha
Lowland East Cushitic,Dullay (Gollango),dug
Lowland East Cushitic,Oromo (Boraana),orb
Lowland East Cushitic,Oromo (Harar),orh
Lowland East Cushitic,Oromo (Waata),orw
Lowland East Cushitic,Oromo (West-Central),owc
Lowland East Cushitic,Qafar,qaf
Lowland East Cushitic,Rendille,ren
Lowland East Cushitic,Saho,sao
Lowland East Cushitic,Somali,som
Southern Cushitic,Alagwa,agw
Southern Cushitic,Burunge,brn
Southern Cushitic,Gorowa,gor
Southern Cushitic,Iraqw,irq
Southern Cushitic,Mbugu,mbg
Dizoid,Dizi,diz
North Omotic,Gamo,gam
North Omotic,Gimira,gim
North Omotic,Koorete,kjr
North Omotic,Kullo,kul
North Omotic,Maale,mle
North Omotic,Moca,moc
North Omotic,Shinassha,ssh
North Omotic,Wolaytta,wly
North Omotic,Yemsa,yms
North Omotic,Zayse,zay
South Omotic,Aari,aar
South Omotic,Dime,dim
South Omotic,Hamer,hmr
South Omotic,Kefa,kef
Aikaná,Aikaná,aik
Ainu,Ainu,ain
Alacalufan,Qawasqar,qaw
Algonquian,Abenaki (Western),abw
Algonquian,Algonquin,alg
Algonquian,Arapaho,aho
Algonquian,Atikamekw,ati
Algonquian,Blackfoot,bla
Algonquian,Cheyenne,cyn
Algonquian,Chippewa (Red Lake and Pillager),cpw
Algonquian,Cree (Plains),cre
Algonquian,Cree (Swampy),cea
Algonquian,Fox,fox
Algonquian,Illinois,ill
Algonquian,Kickapoo,kic
Algonquian,Mahican,mhc
Algonquian,Massachusett,mtt
Algonquian,Menomini,men
Algonquian,Michif,mcf
Algonquian,Micmac,mic
Algonquian,Montagnais,mtg
Algonquian,Munsee,mse
Algonquian,Nanticoke,nnt
Algonquian,Naskapi,nsk
Algonquian,Ojibwa (Eastern),oji
Algonquian,Ojibwa (Severn),ojs
Algonquian,Ojibwe (Minnesota),ojm
Algonquian,Passamaquoddy-Maliseet,psm
Algonquian,Potawatomi,pot
Algonquian,Powhatan,pow
Algonquian,Shawnee,shw
Algonquian,Unami,unm
Wiyot,Wiyot,wiy
Yurok,Yurok,yur
Mongolic,Bao&#39;an,bao
Mongolic,Buriat,but
Mongolic,Dagur,dgr
Mongolic,Kalmyk,kmk
Mongolic,Kalmyk (Issyk-Kul),kiq
Mongolic,Khalkha,kha
Mongolic,Mangghuer,mgg
Mongolic,Moghol,mog
Mongolic,Mongol (Khamnigan),mkh
Mongolic,Oirat,oir
Mongolic,Ordos,ord
Mongolic,Santa,sta
Mongolic,Shira Yughur,shy
Tungusic,Even,evn
Tungusic,Evenki,eve
Tungusic,Jurchen,jur
Tungusic,Manchu,mnc
Tungusic,Nanai,nai
Tungusic,Negidal,neg
Tungusic,Oroch,orc
Tungusic,Orok,ork
Tungusic,Solon,sol
Tungusic,Udihe,udh
Tungusic,Ulcha,ulc
Turkic,Altai (Southern),aso
Turkic,Aynu,ayn
Turkic,Azari (Iranian),azi
Turkic,Azerbaijani,aze
Turkic,Bashkir,bsk
Turkic,Chulym,cly
Turkic,Chuvash,chv
Turkic,Crimean Tatar,cri
Turkic,Dolgan,dol
Turkic,Gagauz,gag
Turkic,Karachay-Balkar,krc
Turkic,Karaim,krm
Turkic,Karakalpak,kkp
Turkic,Kazakh,kaz
Turkic,Khakas,khk
Turkic,Khalaj,khl
Turkic,Kirghiz,kgz
Turkic,Kirghiz (Fu-Yu),kfy
Turkic,Krymchak,kym
Turkic,Kumyk,kuq
Turkic,Noghay,nog
Turkic,Noghay (Karagash),nok
Turkic,Salar,slr
Turkic,Saryg Yughur,syg
Turkic,Shor,shr
Turkic,Tatar,tvo
Turkic,Tatar (Baraba),ttb
Turkic,Tatar (Mishar),tmi
Turkic,Tatar-Noghay (Alabugat),tlb
Turkic,Tofa,tof
Turkic,Turkic (East-Central Xorasan),tex
Turkic,Turkic (West Xorasan),twx
Turkic,Turkish,tur
Turkic,Turkmen,tkm
Turkic,Tuvan,tuv
Turkic,Urum,urm
Turkic,Uyghur,uyg
Turkic,Uzbek,uzb
Turkic,Uzbek (Northern),uzn
Turkic,Yakut,ykt
Turkic,Yurt Tatar,yta
Andoke,Andoke,adk
Anêm,Anêm,ane
Marind,Boazi,boa
Marind,Marind,mrd
Marind,Yaqay,yqy
Marind,Zimakani,zim
Anson Bay,Bachamal,bac
Anson Bay,Pungupungu,pun
Arauan,Banawá,bna
Arauan,Culina,cul
Arauan,Dení,den
Arauan,Jamamadi,jmm
Arauan,Jarawara,jwr
Arauan,Paumarí,pau
Araucanian,Mapudungun,map
Alto-Orinoco,Baniva,bnv
Alto-Orinoco,Maipure,mpr
Alto-Orinoco,Warekena,wrk
Bahuanic,Xiriana,bah
Bolivia-Parana,Baure,baq
Bolivia-Parana,Ignaciano,ign
Bolivia-Parana,Terêna,trn
Caribbean Arawakan,Arawak,ara
Caribbean Arawakan,Garífuna,grf
Caribbean Arawakan,Goajiro,goa
Central Arawakan,Paresi,prc
Central Arawakan,Waurá,wur
Eastern Arawakan,Palikur,plk
Inland Northern Arawakan,Achagua,acg
Inland Northern Arawakan,Baré,bae
Inland Northern Arawakan,Curripaco,cur
Inland Northern Arawakan,Piapoco,ppc
Inland Northern Arawakan,Resígaro,res
Inland Northern Arawakan,Tariana,tar
Inland Northern Arawakan,Yucuna,ycn
Inland Northern Maipuran,Baniwa,bnw
Pre-Andine Arawakan,Campa (Axininca),cax
Pre-Andine Arawakan,Campa Pajonal Asheninca,cpa
Pre-Andine Arawakan,Machiguenga,mch
Pre-Andine Arawakan,Nomatsiguenga,nom
Purus,Apurinã,apu
Purus,Piro,pir
Wapishanan,Wapishana,wps
Yanesha&#39;,Amuesha,amu
Atakapa,Atakapa,atk
Munda,Bhumij,bhu
Munda,Gutob,gdb
Munda,Ho,ho
Munda,Juang,jun
Munda,Kharia,khr
Munda,Korku,kku
Munda,Mundari,mun
Munda,Remo,rem
Munda,Santali,stl
Munda,Sora,sor
Aslian,Jahai,jah
Aslian,Mah Meri,mhm
Aslian,Semai,smj
Aslian,Semelai,sml
Aslian,Temiar,tmr
Bahnaric,Bahnar,bpb
Bahnaric,Brao,bra
Bahnaric,Chrau,chr
Bahnaric,Cua,cua
Bahnaric,Halang,hln
Bahnaric,Hre,hre
Bahnaric,Jeh,jeh
Bahnaric,Loven,lov
Bahnaric,Oi,oi
Bahnaric,Rengao,rng
Bahnaric,Sapuan,sap
Bahnaric,Sedang,sed
Bahnaric,Sre,sre
Bahnaric,Stieng,sti
Katuic,Bru (Eastern),bru
Katuic,Bru (Western),brw
Katuic,Katu,ktu
Katuic,Pacoh,pac
Khasian,Khasi,khs
Khmer,Khmer,khm
Khmuic,Khmu&#39;,kmu
Khmuic,Ksingmul,ksi
Khmuic,Mlabri (Minor),mlm
Monic,Mon,mon
Monic,Nyah Kur (Tha Pong),nkt
Nicobarese,Nancowry,nnc
Nicobarese,Nicobarese,nic
Nicobarese,Nicobarese (Car),nca
Palaungic,Palaung,plg
Palaungic,Parauk,puk
Pearic,Kasong,ksn
Viet-Muong,Muong,muo
Viet-Muong,Vietnamese,vie
Atayalic,Atayal,ata
Atayalic,Seediq,see
Barito,Ma&#39;anyan,myn
Barito,Malagasy,mal
Barito,Oloh Mangtangai,olm
Barito,Pulopetak,plp
Batanic,Ivatan,iva
Batanic,Yami,ymi
Bilic,Bilaan (Koronadal),biq
Bilic,Tboli,tbo
Bilic,Tiruray,try
Celebic,Balantak,blk
Celebic,Banggai,bgg
Celebic,Da&#39;a,daa
Celebic,Kaili,kli
Celebic,Lauje,lje
Celebic,Muna,mna
Celebic,Napu,npu
Celebic,Padoe,pad
Celebic,Pamona,pna
Celebic,Tukang Besi,tuk
Celebic,Uma,uma
Celebic,Wolio,wlo
Central Luzon,Kapampangan,kpm
Central Malayo-Polynesian,Alune,aln
Central Malayo-Polynesian,Bima,bim
Central Malayo-Polynesian,Buru,buu
Central Malayo-Polynesian,Dobel,dob
Central Malayo-Polynesian,Fordata,frd
Central Malayo-Polynesian,Kambera,kam
Central Malayo-Polynesian,Kedang,ked
Central Malayo-Polynesian,Kei,kei
Central Malayo-Polynesian,Keo,keo
Central Malayo-Polynesian,Kisar,ksr
Central Malayo-Polynesian,Kola,koo
Central Malayo-Polynesian,Lamaholot,lmh
Central Malayo-Polynesian,Larike,lrk
Central Malayo-Polynesian,Leti,let
Central Malayo-Polynesian,Manggarai,mng
Central Malayo-Polynesian,Ngad&#39;a,ngd
Central Malayo-Polynesian,Nuaulu,nua
Central Malayo-Polynesian,Paulohi,plh
Central Malayo-Polynesian,Roti,rti
Central Malayo-Polynesian,Sawu,saw
Central Malayo-Polynesian,Selaru,sru
Central Malayo-Polynesian,Sika,sik
Central Malayo-Polynesian,Tarangan (West),tgw
Central Malayo-Polynesian,Tetun,ttn
Central Malayo-Polynesian,Tetun Dili,ttd
Central Malayo-Polynesian,Timorese,tse
Central Malayo-Polynesian,Tugun,tgn
Central Malayo-Polynesian,Wetan,wet
Central Malayo-Polynesian,Yamdena,ymd
Chamorro,Chamorro,cha
East Formosan,Amis,ami
East Formosan,Siraya,sry
Enggano,Enggano,eno
Greater Central Philippine,Agta (Central),agc
Greater Central Philippine,Agta (Dupaningan),agd
Greater Central Philippine,Aklanon,akl
Greater Central Philippine,Batak,bat
Greater Central Philippine,Bikol,bkl
Greater Central Philippine,Binukid,bkd
Greater Central Philippine,Cebuano,ceb
Greater Central Philippine,Gorontalo,grt
Greater Central Philippine,Hanunóo,hnn
Greater Central Philippine,Hiligaynon,hil
Greater Central Philippine,Kulamanen,kuz
Greater Central Philippine,Magindanao,mgn
Greater Central Philippine,Mamanwa,mmn
Greater Central Philippine,Manobo (Western Bukidnon),mwb
Greater Central Philippine,Maranao,mrn
Greater Central Philippine,Mongondow,mgd
Greater Central Philippine,Tagalog,tag
Greater Central Philippine,Tagbanwa (Aborlan),tgb
Greater Central Philippine,Tausug,tsg
Greater Central Philippine,Waray-Waray,wwy
Javanese,Javanese,jav
Lampungic,Komering,kag
Lampungic,Lampung,lmp
Land Dayak,Biatah,bit
Land Dayak,Kualan,kua
Land Dayak,Mentuh Tapuh,mta
Land Dayak,Semandang,smd
Malayo-Sumbawan,Acehnese,ace
Malayo-Sumbawan,Balinese,bal
Malayo-Sumbawan,Cham (Eastern),cme
Malayo-Sumbawan,Cham (Western),chw
Malayo-Sumbawan,Chru,crh
Malayo-Sumbawan,Iban,iba
Malayo-Sumbawan,Indonesian,ind
Malayo-Sumbawan,Indonesian (Jakarta),inj
Malayo-Sumbawan,Indonesian (Papuan),iir
Malayo-Sumbawan,Ketapang,ktp
Malayo-Sumbawan,Kutai,kuy
Malayo-Sumbawan,Madurese,mdr
Malayo-Sumbawan,Malay,mly
Malayo-Sumbawan,Malay (Kuala Lumpur),myk
Malayo-Sumbawan,Malay (Ulu Muar),mmu
Malayo-Sumbawan,Manadonese,mds
Malayo-Sumbawan,Minangkabau,min
Malayo-Sumbawan,Rade,rad
Malayo-Sumbawan,Roglai (Northern),rgn
Malayo-Sumbawan,Sundanese,sun
Malayo-Sumbawan,Tsat,tst
Malayo-Sumbawan,Urak Lawoi&#39;,url
Minahasan,Tondano,tno
Minahasan,Tontemboan,tnt
North Borneo,Banggi,bgz
North Borneo,Begak-Ida&#39;an,beg
North Borneo,Kadazan,kdz
North Borneo,Kayan (Baram),kbr
North Borneo,Kelabit,klt
North Borneo,Kenyah (Uma&#39; Lung),keu
North Borneo,Lun Dayeh,lud
North Borneo,Melanau,mel
North Borneo,Narom,nrm
North Borneo,Sa&#39;ban,sab
North Borneo,Tatana&#39;,tat
North Borneo,Timugon,tim
Northern Luzon,Balangao,blg
Northern Luzon,Bontok,btk
Northern Luzon,Dumagat (Casiguran),dca
Northern Luzon,Ibanag,ibn
Northern Luzon,Ifugao (Batad),ifu
Northern Luzon,Ilocano,ilo
Northern Luzon,Isnag,isn
Northern Luzon,Itawis,itw
Northern Luzon,Kankanay,kky
Northern Luzon,Karao,kao
Northern Luzon,Pangasinan,pnn
Northwest Sumatra-Barrier Islands,Alas,alx
Northwest Sumatra-Barrier Islands,Batak (Karo),bkr
Northwest Sumatra-Barrier Islands,Batak (Toba),bto
Northwest Sumatra-Barrier Islands,Gayo,gay
Northwest Sumatra-Barrier Islands,Mentawai,mnt
Northwest Sumatra-Barrier Islands,Nias,nia
Northwest Sumatra-Barrier Islands,Sikule,skl
Northwest Sumatra-Barrier Islands,Simeulue,sim
Paiwan,Paiwan,pai
Palauan,Palauan,pal
Rejang,Rejang,rej
Rukai,Rukai (Tanan),ruk
Sama-Bajaw,Bajau (Sama),baj
Sama-Bajaw,Bajau (West Coast),bwc
Sama-Bajaw,Sama (Balangingi),sbg
Sama-Bajaw,Sama (Southern),bjs
Sama-Bajaw,Yakan,ykn
Sangiric,Bantik,bnt
Sangiric,Sangir,sgr
Sangiric,Talaud,tld
Sangiric,Toratán,tor
South Sulawesi,Aralle-Tabulahan,atb
South Sulawesi,Bambam,bbm
South Sulawesi,Bugis,bug
South Sulawesi,Embaloh,eml
South Sulawesi,Konjo,kjo
South Sulawesi,Makassar,mks
South Sulawesi,Mamasa,mms
South Sulawesi,Mandar,mnr
South Sulawesi,Selayar,sly
South Sulawesi,Toraja,trd
Tsou,Tsou,tso
Western Plains Austronesian,Thao,thw
Yapese,Yapese,yap
Oceanic,Adzera,adz
Oceanic,Ajië,aji
Oceanic,Ala&#39;ala,all
Oceanic,Amara,ama
Oceanic,Ambae (Lolovoli Northeast),aml
Oceanic,Anejom,anj
Oceanic,Araki,ark
Oceanic,&#39;Are&#39;are,arx
Oceanic,Aribwatsa,ari
Oceanic,Arop-Lokep,alk
Oceanic,Arosi,aro
Oceanic,Atchin,atc
Oceanic,Aulua,aul
Oceanic,Ayiwo,ayw
Oceanic,Bali-Vitu,bvi
Oceanic,Banoni,bnn
Oceanic,Buma,bum
Oceanic,Carolinian,crl
Oceanic,Cèmuhî,cem
Oceanic,Cheke Holo,ckh
Oceanic,Chuukese,cuu
Oceanic,Drehu,dre
Oceanic,Efate (South),erk
Oceanic,Erromangan,err
Oceanic,Fijian,fij
Oceanic,Fijian (Wayan),fiw
Oceanic,Futuna-Aniwa,fut
Oceanic,Futuna (East),fue
Oceanic,Gapapaiwa,gap
Oceanic,Gela,gel
Oceanic,Gumawana,gmw
Oceanic,Halia,hal
Oceanic,Hawaiian,haw
Oceanic,Hoava,hoa
Oceanic,Iaai,iaa
Oceanic,Iduna,idn
Oceanic,Ifira-Mele,mxe
Oceanic,Jabêm,jab
Oceanic,Kairiru,krr
Oceanic,Kapingamarangi,kpn
Oceanic,Kara (in Papua New Guinea),kra
Oceanic,Kaulong,kau
Oceanic,Kela (Apoze),kap
Oceanic,Kele,kel
Oceanic,Kilivila,klv
Oceanic,Kiribati,krb
Oceanic,Kokota,kkt
Oceanic,Kosraean,kos
Oceanic,Kwaio,kwa
Oceanic,Kwamera,kwr
Oceanic,Labu,lab
Oceanic,Lamen,lmu
Oceanic,Lau,lau
Oceanic,Lenakel,len
Oceanic,Lewo,lew
Oceanic,Longgu,lgu
Oceanic,Loniu,lon
Oceanic,Lonwolwol,lnw
Oceanic,Lou,lou
Oceanic,Luangiua,lga
Oceanic,Lusi,kkv
Oceanic,Mae,mae
Oceanic,Maisin,msn
Oceanic,Maleu,mlu
Oceanic,Manam,mnm
Oceanic,Mangap-Mbula,mmb
Oceanic,Maori,mao
Oceanic,Marquesan,mrq
Oceanic,Marshallese,msh
Oceanic,Matukar,mtk
Oceanic,Mekeo,mke
Oceanic,Minaveha,mnv
Oceanic,Mokilese,mok
Oceanic,Mono-Alu,moa
Oceanic,Motu,mtu
Oceanic,Musom,msm
Oceanic,Mussau,mus
Oceanic,Muyuw,muy
Oceanic,Mwotlap,mwo
Oceanic,Nadroga,ndr
Oceanic,Nakanai,nak
Oceanic,Nalik,nal
Oceanic,Nambas (Big),nbb
Oceanic,Nanumea,nnm
Oceanic,Natügu,nbk
Oceanic,Nauruan,nau
Oceanic,Nehan,neh
Oceanic,Nelemwa,nel
Oceanic,Nengone,nne
Oceanic,Nguna,ngu
Oceanic,Niuafo&#39;ou,nif
Oceanic,Niuean,niu
Oceanic,Nukuoro,nkr
Oceanic,Nyelâyu,nyl
Oceanic,Paamese,pms
Oceanic,Paita,pta
Oceanic,Patep,pat
Oceanic,Patpatar,ptp
Oceanic,Pileni,pil
Oceanic,Pingilapese,pgl
Oceanic,Po-Ai,poa
Oceanic,Pohnpeian,poh
Oceanic,Port Sandwich,psw
Oceanic,Puluwat,pul
Oceanic,Raga,rag
Oceanic,Rapanui,rap
Oceanic,Rennellese,rnn
Oceanic,Roro,ror
Oceanic,Rotuman,rot
Oceanic,Roviana,rov
Oceanic,Sa&#39;a,saa
Oceanic,Sakao,sak
Oceanic,Saliba (in Papua New Guinea),slb
Oceanic,Samoan,sam
Oceanic,Siar,sir
Oceanic,Sinaugoro,sng
Oceanic,Sio,sio
Oceanic,Sisiqa,sis
Oceanic,Sobei,sob
Oceanic,Sonsorol-Tobi,son
Oceanic,Southeast Ambrym,sea
Oceanic,Sudest,sud
Oceanic,Sursurunga,sur
Oceanic,Tahitian,tah
Oceanic,Taiof,taf
Oceanic,Takia,tak
Oceanic,Tamabo,tmm
Oceanic,Tangga,tga
Oceanic,Tanna (Southwest),tns
Oceanic,Tawala,taw
Oceanic,Teop,teo
Oceanic,Tigak,tgk
Oceanic,Tinrin,tin
Oceanic,Tobati,tbt
Oceanic,Tokelauan,tke
Oceanic,Tolai,tla
Oceanic,Tongan,tng
Oceanic,Toqabaqita,toq
Oceanic,Tuamotuan,tua
Oceanic,Tumleo,tum
Oceanic,Tungak,tnk
Oceanic,Tuvaluan,tvl
Oceanic,Ulithian,uli
Oceanic,Ura,ura
Oceanic,Vinmavis,vnm
Oceanic,Wallisian,wll
Oceanic,Wedau,wed
Oceanic,Woleaian,wol
Oceanic,Xârâcùù,xar
South Halmahera - West New Guinea,Ambai,amq
South Halmahera - West New Guinea,Biak,bik
South Halmahera - West New Guinea,Buli (in Indonesia),bui
South Halmahera - West New Guinea,Irarutu,irr
South Halmahera - West New Guinea,Ma&#39;ya,mya
South Halmahera - West New Guinea,Mor,mor
South Halmahera - West New Guinea,Sawai,swi
South Halmahera - West New Guinea,Taba,tab
South Halmahera - West New Guinea,Warembori,wrm
South Halmahera - West New Guinea,Waropen,wrp
Awin-Pare,Aekyom,awi
Aymaran,Aymara (Central),aym
Aymaran,Jaqaru,jaq
Baibai-Fas,Momu,fqs
Baining,Mali,mli
Baining,Qaget,bng
Bangime,Bangime,bgm
Barbacoan,Awa Pit,awp
Barbacoan,Cayapa,cay
Barbacoan,Guambiano,gmb
Barbacoan,Tsafiki,tsf
Basque,Basque,bsq
Basque,Basque (Basaburua and Imoz),bqi
Basque,Basque (Bidasoa Valley),bqb
Basque,Basque (Gernica),bqg
Basque,Basque (Hondarribia),bqh
Basque,Basque (Lekeitio),bql
Basque,Basque (Northern High Navarrese),bqn
Basque,Basque (Oñati),bqo
Basque,Basque (Roncalese),bqr
Basque,Basque (Sakana),bqs
Basque,Basque (Souletin),bso
Basque,Basque (Zeberio),bqz
Beothuk,Beothuk,beo
Berta,Berta,ber
Betoi,Betoi,bti
Border,Amanab,amn
Border,Awyi,awy
Border,Imonda,imo
Border,Manem,mem
Border,Waris,wrs
Bororoan,Bororo,brr
Bosavi,Edolo,edo
Bosavi,Kaluli,kll
Bulaka River,Maklew,mkl
Bulaka River,Yelmek,ylm
Bunuban,Bunuba,bnb
Bunuban,Gooniyandi,goo
Burushaski,Burushaski,bur
Cacua-Nukak,Cacua,cac
Cacua-Nukak,Nukak,nuk
Caddoan,Arikara,akr
Caddoan,Caddo,cad
Caddoan,Kitsai,kit
Caddoan,Pawnee,pwn
Caddoan,Wichita,wic
Cahuapanan,Chayahuita,chy
Cahuapanan,Jebero,jeb
Camsá,Camsá,cam
Candoshi,Candoshi,can
Cariban,Akawaio,akw
Cariban,Apalaí,apl
Cariban,Bakairí,bki
Cariban,Carib,car
Cariban,Carib (De&#39;kwana),cde
Cariban,Carijona,crj
Cariban,Guaque,guq
Cariban,Hianacoto,hia
Cariban,Hixkaryana,hix
Cariban,Japreria,jpr
Cariban,Kuikúro,kkq
Cariban,Macushi,mac
Cariban,Mapoyo,mpy
Cariban,Panare,pnr
Cariban,Pemon,pem
Cariban,Tiriyo,tir
Cariban,Umaua,umu
Cariban,Wai Wai,wai
Cariban,Wayana,wyn
Cariban,Yukpa,ykp
Cayuvava,Cayuvava,cyv
Bongo-Bagirmi,Bagirmi,bag
Bongo-Bagirmi,Bagiro,bgr
Bongo-Bagirmi,Baka (in South Sudan),bka
Bongo-Bagirmi,Binga,big
Bongo-Bagirmi,Birri,brz
Bongo-Bagirmi,Bongo,bgo
Bongo-Bagirmi,Gula (in Central African Republic),gul
Bongo-Bagirmi,Jur Mödö,jmo
Bongo-Bagirmi,Kara (in Central African Republic),kar
Bongo-Bagirmi,Kenga,ken
Bongo-Bagirmi,Mango,mgq
Bongo-Bagirmi,Mbay,mby
Bongo-Bagirmi,Ngambay,ngm
Bongo-Bagirmi,Yulu,yul
Kresh,Aja,aja
Kresh,Kresh,kre
Lendu,Lendu,ldu
Lendu,Ngiti,nti
Mangbetu,Mangbetu,mbt
Mangbutu-Efe,Lese,les
Mangbutu-Efe,Mamvu,mmv
Moru-Ma&#39;di,Avokaya,avo
Moru-Ma&#39;di,Logoti,lgt
Moru-Ma&#39;di,Lugbara,lug
Moru-Ma&#39;di,Ma&#39;di,mad
Moru-Ma&#39;di,Moru,mou
Chapacura-Wanham,Wari&#39;,war
Arhuacic,Cogui,cog
Arhuacic,Damana,dam
Arhuacic,Ika,ika
Chibcha-Duit,Muisca,msc
Chimila,Chimila,cma
Guaymiic,Buglere,bgl
Guaymiic,Ngäbere,nbr
Kuna,Kuna,kun
Motilon,Barí,mti
Paya,Pech,pec
Rama,Rama,ram
Talamanca,Boruca,brc
Talamanca,Bribri,bri
Talamanca,Cabécar,cab
Talamanca,Teribe,trb
Tunebo,Tunebo,tnb
Chimakuan,Chemakum,cmk
Chimakuan,Quileute,qui
Chimúan,Mochica,mcc
Chiquito,Chiquitano,cqt
Chitimacha,Chitimacha,ctm
Choco,Catio,cat
Choco,Embera Chami,emc
Choco,Emberá (Northern),emb
Choco,Epena Pedee,epe
Choco,Waunana,wau
Cholon,Cholón,cln
Chon Proper,Selknam,sel
Chon Proper,Tehuelche,teh
Puelche,Gününa Küne,gku
Northern Chukotko-Kamchatkan,Alutor,alu
Northern Chukotko-Kamchatkan,Chukchi,chk
Northern Chukotko-Kamchatkan,Kerek,krq
Northern Chukotko-Kamchatkan,Koryak,kry
Southern Chukotko-Kamchatkan,Itelmen,ite
Chumash,Chumash (Barbareño),cba
Chumash,Chumash (Ineseño),cin
Coahuiltecan,Coahuilteco,coa
Cofán,Cofán,cof
Comecrudan,Comecrudo,cmc
Cuitlatec,Cuitlatec,cut
Dagan,Daga,dag
Laragia,Laragia,lar
Limilngan,Limilngan,lml
Dogon,Donno So,dds
Dogon,Jamsay,jms
Dogon,Tommo So,tms
Dogon,Toro So,dts
Central Dravidian,Gadaba (Kondekor),gdk
Central Dravidian,Kolami,kol
Central Dravidian,Parji (Dravidian),prd
Northern Dravidian,Brahui,brh
Northern Dravidian,Kurukh,kur
Northern Dravidian,Malto,mto
South-Central Dravidian,Gondi,gon
South-Central Dravidian,Konda,kda
South-Central Dravidian,Koya,koy
South-Central Dravidian,Kui (in India),kui
South-Central Dravidian,Kuvi,kuv
South-Central Dravidian,Pengo,pen
South-Central Dravidian,Telugu,tel
Southern Dravidian,Badaga,bdg
Southern Dravidian,Betta Kurumba,bkb
Southern Dravidian,Kannada,knd
Southern Dravidian,Kodava,kod
Southern Dravidian,Kota,kot
Southern Dravidian,Malayalam,mym
Southern Dravidian,Tamil,tml
Southern Dravidian,Tamil (Spoken),tsp
Southern Dravidian,Toda,tda
Southern Dravidian,Tulu,tul
East Bird&#39;s Head,Meyah,mea
East Bird&#39;s Head,Sougb,sgb
East Bougainville,Buin,bun
East Bougainville,Motuna,mot
East Bougainville,Nasioi,nas
Eastern Daly,Kamu,kmw
Eastern Daly,Matngele,mdl
Daju,Daju (Dar Fur),ddf
Daju,Shatt,sht
Daju,Sila,sil
Eastern Jebel,Ingessana,igs
Kuliak,Ik,ik
Kuliak,Nyangi,nyg
Kuliak,So,so
Nara,Nara (in Ethiopia),nar
Nilotic,Acholi,acl
Nilotic,Anywa,any
Nilotic,Bari,bar
Nilotic,Datooga,dat
Nilotic,Dinka,din
Nilotic,Karimojong,kmj
Nilotic,Kukú,kuk
Nilotic,Lango,lan
Nilotic,Luo,luo
Nilotic,Luwo,jlu
Nilotic,Maasai,maa
Nilotic,Nandi,nan
Nilotic,Nuer,nue
Nilotic,Päri,par
Nilotic,Pokot,pkt
Nilotic,Sebei,seb
Nilotic,Shilluk,shl
Nilotic,Teso,tes
Nilotic,Turkana,tna
Nubian,Ghulfan,nbh
Nubian,Midob,mid
Nubian,Nobiin,nob
Nubian,Nubian (Dongolese),nbd
Nubian,Nubian (Kunuz),nku
Nyimang,Nyimang,nyi
Surmic,Baale,blj
Surmic,Chai,cai
Surmic,Didinga,did
Surmic,Koegu,koe
Surmic,Majang,maj
Surmic,Me&#39;en,mee
Surmic,Murle,mrl
Surmic,Mursi,mur
Surmic,Tennet,ten
Surmic,Tirmaga,trm
Taman,Miisiirii,mii
Taman,Sungor,sug
Taman,Tama,tma
Temein,Temein,tmn
East Geelvink Bay,Bauzi,bzi
East Strickland,Samo,nmd
Eleman Proper,Orokolo,orl
Eleman Proper,Toaripi,toa
Tate,Kaki Ae,kae
Aleut,Aleut,ale
Aleut,Aleut (Eastern),aea
Eskimo,Alutiiq,atq
Eskimo,Greenlandic (East),gre
Eskimo,Greenlandic (South),gso
Eskimo,Greenlandic (West),grw
Eskimo,Inuktitut (Quebec-Labrador),iql
Eskimo,Inuktitut (Rankin Inlet),inr
Eskimo,Inuktitut (Salluit),ins
Eskimo,Iñupiaq,inu
Eskimo,Kangiryuarmiut,kgt
Eskimo,Yup&#39;ik (Central),ypk
Eskimo,Yup&#39;ik (Chevak),ych
Eskimo,Yupik (Naukan),yna
Eskimo,Yup&#39;ik (Norton Sound),yun
Eskimo,Yupik (Siberian),yus
Eskimo,Yupik (Sirenik),ysi
Eskimo,Yupik (St. Lawrence Island),ysl
Esselen,Esselen,ess
Fur,Fur,fur
Gaagudju,Gaagudju,gaa
Gapun,Taiap,tap
Garrwan,Garrwa,grr
Gogodala,Gogodala,gog
Suki,Suki,suk
Great Andamanese,Aka-Biada,akb
Great Andamanese,Aka-Cari,akc
Great Andamanese,Aka-Kede,akk
Great Andamanese,A-Pucikwar,apk
Great Andamanese,Great Andamanese,gan
Guahiban,Cuiba,cui
Guahiban,Guahibo,ghb
Guahiban,Guayabero,gyb
Guahiban,Macaguán,mcg
Guahiban,Playero,pla
Kadiwéu,Kadiwéu,kdw
South Guaicuruan,Abipón,abi
South Guaicuruan,Mocoví,mcv
South Guaicuruan,Pilagá,pga
South Guaicuruan,Toba,tob
Guató,Guató,gto
Gumuz,Gumuz,gmz
Anindilyakwa,Anindilyakwa,ann
Gunwinygic,Bininj Gun-Wok,bbw
Gunwinygic,Gunbalang,gnb
Gunwinygic,Ngalkbun,nkb
Ngalakan,Ngalakan,ngl
Ngandi,Ngandi,ngn
Nunggubuyu,Nunggubuyu,nug
Rembarnga,Rembarnga,rmb
Warayic,Waray (in Australia),wry
Hadza,Hadza,had
Haida,Haida,hai
Haida,Haida (Northern),hno
Harakmbet,Amarakaeri,amk
Hmong-Mien,Bunu (Younuo),pnu
Hmong-Mien,Hmong Daw,hmd
Hmong-Mien,Hmong Njua,hmo
Hmong-Mien,Mien,mie
Hmong-Mien,Mun,mnu
Chimariko,Chimariko,chi
Palaihnihan,Achumawi,acm
Palaihnihan,Atsugewi,ats
Pomoan,Kashaya,ksh
Pomoan,Pomo (Central),pmc
Pomoan,Pomo (Eastern),pme
Pomoan,Pomo (Northern),pmn
Pomoan,Pomo (Southeastern),pso
Seri,Seri,ser
Shasta,Shasta,shs
Yana,Yana,yan
Yuman,Cocopa,ccp
Yuman,Diegueño (Mesa Grande),die
Yuman,Havasupai,hav
Yuman,Hualapai,hlp
Yuman,Kiliwa,klw
Yuman,Maricopa,mar
Yuman,Mojave,moj
Yuman,Quechan,que
Yuman,Tiipay (Jamul),tja
Yuman,Yavapai,yav
Huarpe,Allentiac,alc
Huavean,Huave (San Mateo del Mar),hve
Boran,Bora,bor
Boran,Muinane,mui
Huitoto,Huitoto (Minica),hmi
Huitoto,Huitoto (Muinane),hmu
Huitoto,Huitoto (Murui),hum
Huitoto,Ocaina,oca
Ijoid,Defaka,def
Ijoid,Ijo (Kolokuma),ijo
Albanian,Albanian,alb
Armenian,Armenian (Eastern),arm
Armenian,Armenian (Iranian),arz
Armenian,Armenian (Western),arw
Baltic,Latvian,lat
Baltic,Lithuanian,lit
Celtic,Breton,bre
Celtic,Cornish,crn
Celtic,Gaelic (Scots),gae
Celtic,Irish,iri
Celtic,Irish (Donegal),ird
Celtic,Irish (Munster),irm
Celtic,Manx,mnx
Celtic,Welsh,wel
Celtic,Welsh (Colloquial),wec
Germanic,Afrikaans,afr
Germanic,Alsatian,alt
Germanic,Danish,dsh
Germanic,Dutch,dut
Germanic,Dutch (Brabantic),dbr
Germanic,Dutch (Limburg),dli
Germanic,Dutch (Zeeuws),duz
Germanic,English,eng
Germanic,Faroese,far
Germanic,Frisian,fri
Germanic,Frisian (Eastern),fea
Germanic,Frisian (North),fno
Germanic,Frisian (Western),frw
Germanic,German,ger
Germanic,German (Appenzell),gpz
Germanic,German (Bavarian),gba
Germanic,German (Berlin),gbl
Germanic,German (Bern),gbe
Germanic,German (Hannover),gha
Germanic,German (Mansfeldisch),gma
Germanic,German (Ostschweiz),gos
Germanic,German (Ripuarian),grp
Germanic,German (Thurgau),gtg
Germanic,German (Thuringian),gth
Germanic,German (Timisoara),gti
Germanic,German (Upper Austrian),gau
Germanic,German (Viennese),gvi
Germanic,German (Westphalian),gwe
Germanic,German (Zurich),gzu
Germanic,Icelandic,ice
Germanic,Low German,lge
Germanic,Luxemburgeois,lux
Germanic,Norwegian,nor
Germanic,Swedish,swe
Germanic,Swedish (Västerbotten),swv
Germanic,Yiddish,ydd
Germanic,Yiddish (Bessarabian),ydb
Germanic,Yiddish (Lithuanian),ylt
Germanic,Yiddish (Lodz),ydl
Greek,Greek (Cypriot),gcy
Greek,Greek (Modern),grk
Indic,Assamese,ass
Indic,Awadhi,awd
Indic,Bagri,bgi
Indic,Bengali,ben
Indic,Bengali (Chittagong),bec
Indic,Bhili,bhi
Indic,Bhojpuri,bho
Indic,Brokskat,bkt
Indic,Darai,dar
Indic,Dhivehi,dhi
Indic,Dogri,dgi
Indic,Domaaki,dmk
Indic,Domari,dom
Indic,Gojri,goj
Indic,Gujarati,guj
Indic,Halbi,hlb
Indic,Hindi,hin
Indic,Kalami,kal
Indic,Kalasha,klh
Indic,Kashmiri,kas
Indic,Khowar,khw
Indic,Kokni,kkz
Indic,Konkani,kkn
Indic,Kumauni,kum
Indic,Lamani,lmn
Indic,Magahi,mgh
Indic,Maithili,mai
Indic,Marathi,mhi
Indic,Mawchi,mwc
Indic,Nepali,nep
Indic,Oriya,oya
Indic,Oriya (Kotia),oko
Indic,Panjabi,pan
Indic,Romani (Ajia Varvara),rav
Indic,Romani (Bugurdzi),rbu
Indic,Romani (Burgenland),rbg
Indic,Romani (Kalderash),rka
Indic,Romani (Lovari),rlo
Indic,Romani (North Russian),rnr
Indic,Romani (Sepecides),rse
Indic,Romani (Welsh),rwe
Indic,Savi,sav
Indic,Shekhawati,skw
Indic,Shina,sna
Indic,Sindhi,sdh
Indic,Sinhala,snh
Indic,Torwali,trw
Indic,Urdu,urd
Indic,Vasavi,vas
Indic,Vedda,ved
Iranian,Baluchi,blc
Iranian,Dari,dri
Iranian,Gilaki,gil
Iranian,Hawrami,hwr
Iranian,Ishkashmi,ish
Iranian,Kabatei,kbt
Iranian,Koluri,klr
Iranian,Kurdish (Central),krd
Iranian,Kurmanji,kji
Iranian,Luri,lur
Iranian,Mazanderani,mzn
Iranian,Ormuri,orm
Iranian,Ossetic,oss
Iranian,Pashto,psh
Iranian,Persian,prs
Iranian,Shughni,rsh
Iranian,Tajik,taj
Iranian,Talysh (Azerbaijan),taz
Iranian,Talysh (Southern),tls
Iranian,Tati (Southern),tts
Iranian,Tat (Muslim),tmu
Iranian,Vafsi,vaf
Iranian,Wakhi,wak
Iranian,Yaghnobi,ygn
Iranian,Yazgulyam,yaz
Iranian,Zazaki,zaz
Nuristani,Kati (in Afghanistan),ktz
Nuristani,Prasuni,pra
Nuristani,Waigali,wgl
Romance,Asturian,ast
Romance,Catalan,ctl
Romance,French,fre
Romance,Galician,glc
Romance,Italian,ita
Romance,Italian (Bologna),itb
Romance,Italian (Fiorentino),ifi
Romance,Italian (Genoa),itg
Romance,Italian (Napolitanian),itn
Romance,Italian (Turinese),itu
Romance,Ladin,ldn
Romance,Ladino,lno
Romance,Moldavian,mol
Romance,Occitan,occ
Romance,Portuguese,por
Romance,Provençal,pro
Romance,Romanian,rom
Romance,Romansch,rmc
Romance,Romansch (Scharans),rsc
Romance,Romansch (Surmeiran),rsm
Romance,Romansch (Sursilvan),rsu
Romance,Sardinian,srd
Romance,Spanish,spa
Romance,Spanish (Canary Islands),spc
Slavic,Belorussian,blr
Slavic,Bosnian,bos
Slavic,Bulgarian,bul
Slavic,Czech,cze
Slavic,Kashubian,ksu
Slavic,Macedonian,mcd
Slavic,Polabian,plb
Slavic,Polish,pol
Slavic,Russian,rus
Slavic,Serbian-Croatian,scr
Slavic,Slovak,svk
Slavic,Slovene,slo
Slavic,Slovincian,svc
Slavic,Sorbian,srb
Slavic,Sorbian (Lower),srl
Slavic,Sorbian (Upper),sou
Slavic,Ukrainian,ukr
Iranxe,Iranxe,irx
Northern Iroquoian,Cayuga,cyg
Northern Iroquoian,Mohawk,moh
Northern Iroquoian,Oneida,ond
Northern Iroquoian,Onondaga,onn
Northern Iroquoian,Seneca,snc
Northern Iroquoian,Tuscarora,tus
Northern Iroquoian,Wyandot,wya
Southern Iroquoian,Cherokee,che
Itonama,Itonama,ito
Iwaidjan,Iwaidja,iwa
Iwaidjan,Maung,mau
Japanese,Japanese,jpn
Japanese,Shuri,ryu
Jarrakan,Kitja,kij
Jarrakan,Miriwung,mir
Jirajaran,Ayomán,ayo
Jivaroan,Achuar,acu
Jivaroan,Aguaruna,agr
Jivaroan,Huambisa,hmb
Jivaroan,Jivaro,jiv
Kadugli,Kadugli,kad
Kadugli,Katcha,ktc
Kadugli,Krongo,kro
Kalapuyan,Kalapuya,klp
Kapixana,Kanoê,kno
Karankawa,Karankawa,kkw
Kariri,Kipea,kri
Karok,Karok,krk
Kartvelian,Georgian,geo
Kartvelian,Laz,laz
Kartvelian,Mingrelian,mgl
Kartvelian,Svan,sva
Katukinan,Canamarí,cnm
Kaure,Kaure,kaj
Kayagar,Tamagario,tmg
Keresan,Acoma,aco
Keresan,Keresan (Santa Ana),ksa
Khoe-Kwadi,//Ani,ani
Khoe-Kwadi,Deti,det
Khoe-Kwadi,Korana,krn
Khoe-Kwadi,Kxoe,kxo
Khoe-Kwadi,Nama,kho
Khoe-Kwadi,Nharo,nro
Kiowa-Tanoan,Jemez,jem
Kiowa-Tanoan,Kiowa,kio
Kiowa-Tanoan,Tewa (Arizona),tew
Kiowa-Tanoan,Tewa (Rio Grande),trg
Kiowa-Tanoan,Tewa (San Juan Pueblo),tsj
Kiowa-Tanoan,Tiwa (Northern),twn
Kiowa-Tanoan,Tiwa (Southern),tws
Kiwaian, Kiwai (Southern),kiw
Kolopom,Kimaghama,kim
Kolopom,Riantana,ria
Koman,Komo,kom
Heiban,Moro,mro
Heiban,Otoro,otr
Katla-Tima,Katla,ktl
Katla-Tima,Tima,tia
Lafofa,Lafofa,laf
Rashad,Orig,ori
Rashad,Rashad,ras
Talodi,Jomang,jom
Talodi,Masakin,msk
Korean,Korean,kor
Kunama,Kunama,knm
Kunza,Atacameño,atm
Kuot,Kuot,kuo
Kusunda,Kusunda,kus
Kutenai,Kutenai,kut
Kwaza,Kwaza,kwz
Kwerba,Isirawa,isi
Kwerba,Kwerba,kwb
Kwomtari,Kwomtari,kwt
Kwomtari,Nai,bio
=|Hoan,=|Hoan,huc
Ju-Kung,Ju|&#39;hoan,juh
Ju-Kung,!Xun (Ekoka),xun
Laal,Laal,laa
Lakes Plain,Doutai,dou
Lakes Plain,Iau,iau
Lakes Plain,Kirikiri,kkr
Lakes Plain,Obokuitai,obk
Lakes Plain,Sikaritai,skr
Left May,Ama,amm
Left May,Owininga,owi
Leko,Leko,lec
Annaberg,Rao,rao
Botin,Kambot,kbo
Lower Ramu,Kaian,kai
Lower Ramu,Watam,wtm
Lower Sepik,Chambri,chb
Lower Sepik,Murik,mrk
Lower Sepik,Yimas,yim
Mikarew,Kire,kie
Mikarew,Mikarew,mkr
Lule,Lule,lul
Maban,Maba,mab
Maban,Masalit,msl
Maban,Runga,run
Botocudo,Krenak,kqq
Ge-Kaingang,Apinayé,api
Ge-Kaingang,Canela,cnl
Ge-Kaingang,Kaingang,kng
Ge-Kaingang,Kayapó,kyp
Ge-Kaingang,Krahô,krh
Ge-Kaingang,Panará,pnx
Ge-Kaingang,Xavánte,xav
Ge-Kaingang,Xerénte,xer
Ge-Kaingang,Xokleng,xok
Jabutí,Jabutí,jbt
Karajá,Karajá,jva
Maxakalí,Maxakalí,max
Rikbaktsa,Rikbaktsa,rik
Máku,Máku,mkw
Eastern Mande,Beng,bnq
Eastern Mande,Bisa,bis
Eastern Mande,Boko,bok
Eastern Mande,Busa,bus
Eastern Mande,Dan,dan
Eastern Mande,Guro,gro
Eastern Mande,Mano,man
Eastern Mande,Wan,wna
Western Mande,Bambara,bam
Western Mande,Bandi,bnd
Western Mande,Bobo Madaré (Northern),bbf
Western Mande,Bozo (Tigemaxo),boz
Western Mande,Dyula,dyu
Western Mande,Jeli,jel
Western Mande,Koranko,kko
Western Mande,Kpelle,kpe
Western Mande,Loko,lok
Western Mande,Loma,lma
Western Mande,Mandinka,mdk
Western Mande,Mandinka (Gambian),mkg
Western Mande,Maninka,mnk
Western Mande,Maninka (Western),maw
Western Mande,Mauka,mka
Western Mande,Mende,mde
Western Mande,Soninke,snn
Western Mande,Susu,sus
Western Mande,Vai,vai
Western Mande,Xasonga,xas
Alawa,Alawa,alw
Mangarrayi,Mangarrayi,myi
Mara,Mara,mra
Warndarang,Warndarang,wrn
Burarran,Burarra,bua
Burarran,Gurr-goni,grg
Nakkara,Nakkara,nkk
Ndjébbana,Ndjébbana,ndj
Mascoian,Guana,gna
Mascoian,Lengua,lng
Matacoan,Chorote,crt
Matacoan,Maca,mca
Matacoan,Nivacle,chu
Matacoan,Wichí,wch
Mayan,Achí,aci
Mayan,Aguacatec,agu
Mayan,Cakchiquel,cak
Mayan,Chicomuceltec,cec
Mayan,Chol,col
Mayan,Chontal Maya,cmy
Mayan,Chortí,coi
Mayan,Chuj,chj
Mayan,Huastec,htc
Mayan,Itzaj,itz
Mayan,Ixil,ixi
Mayan,Jakaltek,jak
Mayan,Kanjobal (Eastern),kea
Mayan,Kanjobal (Western),kwe
Mayan,K&#39;ekchí,kek
Mayan,Lacandón,lac
Mayan,Mam,mam
Mayan,Mopan,mop
Mayan,Pokomchí,pkm
Mayan,Poqomam,pcm
Mayan,Quiché,qch
Mayan,Sipakapense,qum
Mayan,Tectiteco,tec
Mayan,Tojolabal,toj
Mayan,Tzeltal,tze
Mayan,Tzeltal (Aguacatenango),tza
Mayan,Tzeltal (Tenejapa),tzt
Mayan,Tzotzil,tzo
Mayan,Tzutujil,tzu
Mayan,Yucatec,yct
Djingili,Djingili,dji
Jaminjungan,Jaminjung,jam
Wambayan,Wambaya,wam
Misumalpan,Mayangna,sum
Misumalpan,Miskito,mis
Mixe-Zoque,Mixe (Ayutla),mxx
Mixe-Zoque,Mixe (Coatlán),mco
Mixe-Zoque,Mixe (Tlahuitoltepec),mth
Mixe-Zoque,Mixe (Totontepec),mtp
Mixe-Zoque,Olutec,olu
Mixe-Zoque,Popoluca (Sierra),zqs
Mixe-Zoque,Sayula Popoluca,say
Mixe-Zoque,Zoque (Chimalapa),zch
Mixe-Zoque,Zoque (Copainalá),zqc
Mixe-Zoque,Zoque (Francisco León),zfl
Mixe-Zoque,Zoque (Ostuacan),zqo
Mixe-Zoque,Zoque (Rayon),zqr
Mombum,Mombum,mom
Monumbo,Monumbo,mbo
Moraori,Moraori,mri
Morehead and Upper Maro Rivers,Kanum (Bädi),knb
Morehead and Upper Maro Rivers,Kanum (Ngkâlmpw),knp
Morehead and Upper Maro Rivers,Yei,yei
Morwap,Elseng,els
Mosetenan,Mosetén,mos
Movima,Movima,mov
Mura,Pirahã,prh
Muskogean,Alabama,abm
Muskogean,Chickasaw,cck
Muskogean,Choctaw,cct
Muskogean,Creek,crk
Muskogean,Koasati,koa
Muskogean,Mikasuki,mki
Muskogean,Seminole,smn
Nadahup,Dâw,daw
Nadahup,Hup,hpd
Nadahup,Nadëb,nad
Athapaskan,Ahtna,aht
Athapaskan,Apache (Chiricahua),apc
Athapaskan,Apache (Jicarilla),apj
Athapaskan,Apache (Western),apw
Athapaskan,Carrier,crq
Athapaskan,Chasta Costa,cco
Athapaskan,Chipewyan,chp
Athapaskan,Degexit&#39;an,dgx
Athapaskan,Hupa,hup
Athapaskan,Kato,kto
Athapaskan,Koyukon,kyn
Athapaskan,Kutchin,kth
Athapaskan,Mattole,mtl
Athapaskan,Navajo,nav
Athapaskan,Sarcee,src
Athapaskan,Slave,sla
Athapaskan,Slavey,slv
Athapaskan,Tanacross,tnc
Athapaskan,Tanaina,tnj
Athapaskan,Tanana (Lower),tnl
Athapaskan,Tutchone (Northern),tut
Athapaskan,Upper Kuskokwim,uku
Eyak,Eyak,eya
Tlingit,Tlingit,tli
Nahali,Nahali,nah
Nakh,Chechen,chc
Nakh,Ingush,ing
Nakh,Tsova-Tush,ttu
Avar-Andic-Tsezic,Akhvakh,axv
Avar-Andic-Tsezic,Andi,anx
Avar-Andic-Tsezic,Avar,ava
Avar-Andic-Tsezic,Bagvalal,bgv
Avar-Andic-Tsezic,Bezhta,bez
Avar-Andic-Tsezic,Chamalal,chm
Avar-Andic-Tsezic,Godoberi,god
Avar-Andic-Tsezic,Hinuq,hnk
Avar-Andic-Tsezic,Hunzib,hzb
Avar-Andic-Tsezic,Karata,krt
Avar-Andic-Tsezic, Khwarshi,khv
Avar-Andic-Tsezic,Tindi,tnd
Avar-Andic-Tsezic,Tsez,tsz
Lak-Dargwa,Dargwa,drg
Lak-Dargwa,Lak,lak
Lezgic,Aghul,agl
Lezgic,Archi,arc
Lezgic,Budukh,bdk
Lezgic,Khinalug,khi
Lezgic,Kryz,krz
Lezgic,Lezgian,lez
Lezgic,Rutul,rut
Lezgic,Tabassaran,tbs
Lezgic,Tsakhur,tsa
Lezgic,Udi,udi
Nambikuaran,Nambikuára (Southern),nmb
Natchez,Natchez,nat
Ega,Ega,ega
Gbaya-Manza-Ngbaka,Gbaya (Northwest),gbk
Gbaya-Manza-Ngbaka,Gbaya (Southwest),gbs
Gbaya-Manza-Ngbaka,Gbeya Bossangoa,gbb
Gbaya-Manza-Ngbaka,Mbodomo,mdo
Gbaya-Manza-Ngbaka,Ngbaka (Minagende),ngb
Kru,Aizi,aiz
Kru,Bété,bet
Kru,Dadjriwalé,ddj
Kru,Godié,gdi
Kru,Grebo,grb
Kru,Guere,gue
Kru,Klao,kla
Kru,Neyo,ney
Kru,Seme,sme
Kru,Vata,vat
Kru,Wobe,wob
Kwa,Abidji,abd
Kwa,Adioukrou,adi
Kwa,Ajagbe,ajg
Kwa,Akan,akn
Kwa,Alladian,ald
Kwa,Anufo,anu
Kwa,Anyi,ayi
Kwa,Avatime,avt
Kwa,Avikam,avk
Kwa,Baule,ble
Kwa,Chumburung,cum
Kwa,Ewe,ewe
Kwa,Ewe (Anglo),ewa
Kwa,Fongbe,fon
Kwa,Gã,ga
Kwa,Gungbe,guw
Kwa,Kposo,kpo
Kwa,Lelemi,llm
Kwa,Nkonya,nkn
Kwa,Wéménugbé,wmn
Senufo,Dyimini,dym
Senufo,Nafaanra,naf
Senufo,Nanerge,nrg
Senufo,Senadi,snd
Senufo,Supyire,sup
Senufo,Tenyer,tny
Bua,Gula Iro,gir
Bua,Lua,lua
Day,Day,day
Kim,Kosop,ksp
Mbumic,Koh (Lakka),klk
Mbumic,Mambai,mmi
Mbumic,Mbum,mbm
Mbumic,Mundang,mdg
Mbumic,Tupuri,tpr
Mumuye-Yandang,Mumuye,mum
Samba-Duru,Dii,ygd
Samba-Duru,Doyayo,doy
Samba-Duru,Samba Leko,sle
Ubangi,Baka (in Cameroon),bak
Ubangi,Barambu,bbu
Ubangi,Dongo,dgo
Ubangi,Linda,lnd
Ubangi,Ma,ma
Ubangi,Mayogo,myg
Ubangi,Mba,mba
Ubangi,Mondunga,mga
Ubangi,Mündü,mdu
Ubangi,Munzombo,mnz
Ubangi,Ndogo,ndg
Ubangi,Ngbaka (Ma&#39;bo),nbm
Ubangi,Ngbandi,ndi
Ubangi,Nzakara,nza
Ubangi,Sango,san
Ubangi,Yakoma,ykm
Ubangi,Zande,zan
Bak,Balanta,blz
Bak,Diola-Fogny,dio
Bak,Diola-Kasa,csk
Bak,Manjaku,mjk
Bak,Mankanya,mkn
Biafada,Biafada,bfd
Cangin,Ndut,ndt
Cangin,Noon,noo
Cangin,Palor,plr
Mel,Baga Sitemu,bgs
Mel,Gola,gol
Mel,Kisi,kis
Mel,Kisi (Southern),kss
Mel,Temne,tne
Peul-Serer,Fula (Burkina Faso),fbf
Peul-Serer,Fula (Guinean),fgu
Peul-Serer,Fula (Mauritanian),fma
Peul-Serer,Fula (Senegal),fus
Peul-Serer,Fulfulde (Adamawa),fua
Peul-Serer,Fulfulde (Maasina),fum
Peul-Serer,Fulfulde (Nigerian),fni
Peul-Serer,Ful (Liptako),fli
Tenda,Basari,bsr
Tenda,Konyagi,kgi
Wolof,Wolof,wlf
Bantoid,Aghem,agh
Bantoid,Aka,aka
Bantoid,Babole,bbl
Bantoid,Babungo,bab
Bantoid,Bafia,bfi
Bantoid,Bafut,baf
Bantoid,Bakueri,bku
Bantoid,Bakundu,bkn
Bantoid,Bamun,bmn
Bantoid,Bankon,bnk
Bantoid,Basaá,bas
Bantoid,Beembe,bee
Bantoid,Bemba,bem
Bantoid,Bena-Lulua,blu
Bantoid,Benga,bga
Bantoid,Bera,brq
Bantoid,Bila,bia
Bantoid,Bobangi,bob
Bantoid,Bolia,bol
Bantoid,Bubi,bub
Bantoid,Budu,bdu
Bantoid,Bujeba,buj
Bantoid,Bukusu,buk
Bantoid,Bulu,buw
Bantoid,Bushoong,bsh
Bantoid,Chaga,cga
Bantoid,Chichewa,cic
Bantoid,CiLuba,cil
Bantoid,Comorian,com
Bantoid,Dabida,dbd
Bantoid,Ding,dng
Bantoid,Doko,dok
Bantoid,Duala,dua
Bantoid,Duma,dma
Bantoid,Ejagham,eja
Bantoid,Ekoti,eko
Bantoid,Enya,eny
Bantoid,Ewondo,ewo
Bantoid,Fe&#39;fe&#39;,fef
Bantoid,Fiote,fio
Bantoid,Gunu,gun
Bantoid,Gusii,gus
Bantoid,Haya,hya
Bantoid,Hehe,heh
Bantoid,Hemba,hem
Bantoid,Herero,her
Bantoid,Holoholo,hol
Bantoid,Hunde,hnd
Bantoid,Ifumu,ifm
Bantoid,Ila,ila
Bantoid,Iwoyo,kwy
Bantoid,Jarawa (in Nigeria),jar
Bantoid,Kagulu,kgr
Bantoid,Kalanga,klz
Bantoid,Kamba,kba
Bantoid,Kami,kmi
Bantoid,Kanyok,kyo
Bantoid,Karanga,krg
Bantoid,Kenyang,kyg
Bantoid,Kete,kte
Bantoid,Kikuyu,kik
Bantoid,Kiluba,kil
Bantoid,Kinga,kga
Bantoid,Kinyarwanda,kin
Bantoid,Kom,kou
Bantoid,Kongo,kon
Bantoid,Kwangali,kwn
Bantoid,Lamba,lmb
Bantoid,Lamnso&#39;,lns
Bantoid,Langi,lgi
Bantoid,Lebeo,leb
Bantoid,Lega,leg
Bantoid,Lingala,lin
Bantoid,Londo,ldo
Bantoid,Lozi,loz
Bantoid,Lucazi,luc
Bantoid,Luganda,lda
Bantoid,Lunda,lbu
Bantoid,Luvale,luv
Bantoid,Luyia,luy
Bantoid,Makaa,mkz
Bantoid,Makonde,mkd
Bantoid,Makua,mua
Bantoid,Mambila,mla
Bantoid,Mambwe,mmw
Bantoid,Mankon,mkq
Bantoid,Matuumbi,mtb
Bantoid,Mbalanhu,mhu
Bantoid,Mbe&#39;,mbz
Bantoid,Mbere,mbe
Bantoid,Mbili,mbi
Bantoid,Mbole,mbl
Bantoid,Mbosi,mdw
Bantoid,Mituku,mit
Bantoid,Mongo,mgo
Bantoid,Mpongwe,mpo
Bantoid,Mundani,mud
Bantoid,Mungaka,mgk
Bantoid,Mwera,mwe
Bantoid,Nande,nde
Bantoid,Ndebele (in South Africa),ndb
Bantoid,Ndonga,ndo
Bantoid,Ndumu,ndu
Bantoid,Ngemba,nge
Bantoid,Ngombe,nbe
Bantoid,Ngoni,ngo
Bantoid,Nkem,nke
Bantoid,Nkore-Kiga,nko
Bantoid,Noni,non
Bantoid,Nsenga,nse
Bantoid,Ntomba,nto
Bantoid,Nyambo,nbo
Bantoid,Nyamwezi,nym
Bantoid,Nyanga,nng
Bantoid,Nyiha,nyh
Bantoid,Oku,oku
Bantoid,Pangwa,png
Bantoid,Pare,pre
Bantoid,Pogoro,pog
Bantoid,Rimi,rim
Bantoid,Ronga,rga
Bantoid,Rundi,rnd
Bantoid,Runyankore,rny
Bantoid,Runyoro-Rutooro,rru
Bantoid,Sangu,sgu
Bantoid,Sena,sen
Bantoid,Sengele,sgl
Bantoid,Sesotho,ses
Bantoid,Shambala,shm
Bantoid,Shona,shn
Bantoid,Songe,sge
Bantoid,Sotho (Northern),stn
Bantoid,Subiya,sub
Bantoid,Suku,sku
Bantoid,Sukuma,skm
Bantoid,Swahili,swa
Bantoid,Swati,swt
Bantoid,Tabwa,tbw
Bantoid,Talinga,tal
Bantoid,Teke (Southern),tks
Bantoid,Tetela,tet
Bantoid,Tikar,tik
Bantoid,Tiv,tiv
Bantoid,Tonga (in Zambia),toz
Bantoid,Tsogo,tgo
Bantoid,Tsonga,tsn
Bantoid,Tswana,tsw
Bantoid,Tuki,tki
Bantoid,Tunen,tnn
Bantoid,UMbundu,umb
Bantoid,Venda,ven
Bantoid,Vili,vif
Bantoid,Xhosa,xho
Bantoid,Yaka,yak
Bantoid,Yamba,yba
Bantoid,Yansi,yns
Bantoid,Yao (in Malawi),yao
Bantoid,Yemba,yem
Bantoid,Yeyi,yey
Bantoid,Zulu,zul
Bantoid,Zulu (Northern),zno
Bantoid,Zulu (Southern),zso
Cross River,Efik,efi
Cross River,Gokana,gok
Cross River,Ibibio,ibi
Cross River,Kana,kan
Cross River,Kohumono,koh
Cross River,Leggbó,agb
Cross River,Obolo,obo
Cross River,Ogbia,ogb
Cross River,Ogbronuagum,obg
Defoid,Isekiri,ise
Defoid,Yoruba,yor
Edoid,Bini,bni
Edoid,Degema,deg
Edoid,Emai,ora
Edoid,Engenni,egn
Edoid,Etsako,ets
Edoid,Ghotuo,gho
Edoid,Isoko,iso
Edoid,Urhobo,urh
Idomoid,Idoma,ido
Idomoid,Igede,ige
Igboid,Igbo,igb
Igboid,Izi,izi
Kainji,Akwa,awk
Kainji,Amo,amo
Kainji,Duka,duk
Nupoid,Ebira,ebi
Nupoid,Gade,gad
Nupoid,Gwari,gwa
Nupoid,Nupe,nup
Platoid,Birom,bir
Platoid,Fyem,fye
Platoid,Gworok,gwo
Platoid,Jukun,juk
Platoid,Kagoma,kgm
Platoid,Kpan,kpa
Platoid,Mada (in Nigeria),mdz
Platoid,Tarok,tok
Northern-Central Gur,Bimoba,bmb
Northern-Central Gur,Buli (in Ghana),buy
Northern-Central Gur,Dagaare,dga
Northern-Central Gur,Dagbani,dgb
Northern-Central Gur,Gurenne,grn
Northern-Central Gur,Gurma,grm
Northern-Central Gur,Konkomba,kkb
Northern-Central Gur,Konni,kni
Northern-Central Gur,Koromfe,kfe
Northern-Central Gur,Mampruli,mmp
Northern-Central Gur,Mooré,moo
Northern-Central Gur,Nateni,ntn
Northern-Central Gur,Ncàm,ncm
Northern-Central Gur,Waama,wwa
Southern-Central Gur,Bariba,brb
Southern-Central Gur,Kabiyé,kby
Southern-Central Gur,Kasem,ksm
Southern-Central Gur,Kirma,kir
Southern-Central Gur,Ko (Winye),kow
Southern-Central Gur,Lobi,lob
Southern-Central Gur,Lyele,lye
Southern-Central Gur,Nuni (Northern),nnn
Southern-Central Gur,Sisaala,ssa
Southern-Central Gur,Tampulma,tmp
Southern-Central Gur,Tem,tem
Southern-Central Gur,Vagla,vag
Tusia,Southern Toussian,tou
Nimboran,Kemtuik,kmt
Nimboran,Nimboran,nim
Nivkh,Nivkh,niv
Nivkh,Nivkh (South Sakhalin),nvs
Northern Daly,Malakmalak,mlk
Northern Daly,Tyeraity,tye
Northwest Caucasian,Abaza,abz
Northwest Caucasian,Abkhaz,abk
Northwest Caucasian,Adyghe (Abzakh),ady
Northwest Caucasian,Adyghe (Shapsugh),ash
Northwest Caucasian,Adyghe (Temirgoy),adt
Northwest Caucasian,Kabardian,kab
Northwest Caucasian,Ubykh,uby
Nyulnyulan,Bardi,brd
Nyulnyulan,Nyigina,nyn
Nyulnyulan,Nyulnyul,nyu
Nyulnyulan,Warrwa,wrw
Nyulnyulan,Yawuru,ywr
Oksapmin,Oksapmin,oks
Alsea,Alsea,als
Coosan,Coos (Hanis),coo
Siuslawan,Siuslaw,siu
Creoles and Pidgins,Angolar,ago
Creoles and Pidgins,Berbice Dutch Creole,bdc
Creoles and Pidgins,Bislama,bsm
Creoles and Pidgins,Broken,bro
Creoles and Pidgins,Chavacano,cvc
Creoles and Pidgins,Guadeloupe Creole,gdl
Creoles and Pidgins,Guianese French Creole,gfr
Creoles and Pidgins,Guinea Bissau Crioulo,gbc
Creoles and Pidgins,Haitian Creole,hcr
Creoles and Pidgins,Hawaiian Creole,hwc
Creoles and Pidgins,Jamaican Creole,jcr
Creoles and Pidgins,Kituba,ktb
Creoles and Pidgins,Kriol (Fitzroy Crossing),kfc
Creoles and Pidgins,Kriol (Ngukurr),knq
Creoles and Pidgins,Lesser Antillean French Creole,lcr
Creoles and Pidgins,Malacca Creole,mlc
Creoles and Pidgins,Martinique Creole,mqc
Creoles and Pidgins,Mauritian Creole,mcr
Creoles and Pidgins,Melayu Betawi,meb
Creoles and Pidgins,Mískito Coast English Creole,mce
Creoles and Pidgins,Naga Pidgin,npn
Creoles and Pidgins,Ndyuka,ndy
Creoles and Pidgins,Nigerian Pidgin,npi
Creoles and Pidgins,Nubi,nub
Creoles and Pidgins,Papiamentu,pap
Creoles and Pidgins,Príncipense,pri
Creoles and Pidgins,Russian-Chinese Pidgin (Birobidjan),rcp
Creoles and Pidgins,Saramaccan,srm
Creoles and Pidgins,Seychelles Creole,sey
Creoles and Pidgins,Sranan,sra
Creoles and Pidgins,Tayo,tay
Creoles and Pidgins,Tok Pisin,tpi
Sign Languages,Adamorobe Sign Language,ada
Sign Languages,American Sign Language,asl
Sign Languages,Auslan,aus
Sign Languages,British Sign Language,bsl
Sign Languages,Chinese Sign Language,csl
Sign Languages,Deutsche Gebärdensprache,dge
Sign Languages,Finnish Sign Language,fsl
Sign Languages,Greek Sign Language,gsl
Sign Languages,Hong Kong Sign Language,hks
Sign Languages,Icelandic Sign Language,ics
Sign Languages,Indo-Pakistani Sign Language (Indian dialects),ipi
Sign Languages,Indo-Pakistani Sign Language (Karachi dialect),ipk
Sign Languages,International Sign,isl
Sign Languages,Irish Sign Language,irs
Sign Languages,Israeli Sign Language,iss
Sign Languages,Kata Kolok,kkl
Sign Languages,Kenyan Sign Language,ksl
Sign Languages,Langue des Signes Française,lsf
Sign Languages,Langue des Signes Québecoise,lsq
Sign Languages,Lengua de Señas Argentina,lsa
Sign Languages,Lengua de Señas Española,lse
Sign Languages,Língua de Sinais Brasileira,lsb
Sign Languages,Língua Gestual Portuguesa,lgp
Sign Languages,Lingua Italiana dei Segni,lii
Sign Languages,Lughat al-Isharat al-Lubnaniya,lgh
Sign Languages,Nederlandse Gebarentaal,ned
Sign Languages,New Zealand Sign Language,nzs
Sign Languages,Nihon Shuwa (Japanese Sign Language),nih
Sign Languages,Norsk Tegnspråk,nte
Sign Languages,Plains-Indians Sign Language,psl
Sign Languages,Russian Sign Language,rsl
Sign Languages,South Korean Sign Language,ssl
Sign Languages,Svenska Teckenspråket,svt
Sign Languages,Taiwanese Sign Language (Ziran Shouyu),tzi
Sign Languages,Tanzania Sign Language,tsl
Sign Languages,Thai Sign Language,ths
Sign Languages,Türk Isaret Dili,tui
Sign Languages,Ugandan Sign Language,ugs
Sign Languages,Urubú Sign Language,usl
Sign Languages,Vlaamse Gebarentaal,vla
Amuzgoan,Amuzgo,amz
Chichimec,Chichimeca-Jonaz,cjo
Chinantecan,Chinantec (Comaltepec),ccm
Chinantecan,Chinantec (Lealao),cle
Chinantecan,Chinantec (Palantla),cpl
Chinantecan,Chinantec (Quiotepec),chq
Chinantecan,Chinantec (San Felipe Usila),csf
Chinantecan,Chinantec (Sochiapan),csc
Chinantecan,Chinantec (Tepetotutla),cte
Matlatzincan,Ocuilteco,ocu
Mixtecan,Cuicatec,ctc
Mixtecan,Mixtec (Alacatlatzala),mxl
Mixtecan,Mixtec (Atatlahuca),mxa
Mixtecan,Mixtec (Ayutla),mxt
Mixtecan,Mixtec (Chalcatongo),mxc
Mixtecan,Mixtec (Chayuco),mxu
Mixtecan,Mixtec (Coatzospan),mxz
Mixtecan,Mixtec (Jamiltepec),mja
Mixtecan,Mixtec (Jicaltepec),mxj
Mixtecan,Mixtec (Molinos),mxm
Mixtecan,Mixtec (Ocotepec),mxo
Mixtecan,Mixtec (Peñoles),mxp
Mixtecan,Mixtec (San Juan Colorado),mjc
Mixtecan,Mixtec (San Miguel el Grande),mxg
Mixtecan,Mixtec (Silacayoapan),mxs
Mixtecan,Mixtec (Yosondúa),mxy
Mixtecan,Trique (Chicahuaxtla),trc
Mixtecan,Trique (Copala),tri
Otomian,Mazahua,maz
Otomian,Otomí (Ixtenco),oix
Otomian,Otomí (Mezquital),otm
Otomian,Otomí (Santiago Mexquititlan),osm
Otomian,Otomí (Sierra),ots
Pamean,Pame,pam
Popolocan,Chocho,cch
Popolocan,Ixcatec,ixc
Popolocan,Mazatec (Chiquihuitlán),mzc
Popolocan,Mazatec (Huautla),mzh
Popolocan,Popoloca (Metzontla),pop
Popolocan,Popoloca (San Juan Atzingo),psj
Popolocan,Popoloca (San Vicente Coyotepec),psv
Subtiaba-Tlapanec,Tlapanec,tlp
Zapotecan,Chatino (Nopala),cht
Zapotecan,Chatino (Sierra Occidental),cso
Zapotecan,Chatino (Tataltepec),ctt
Zapotecan,Chatino (Yaitepec),cya
Zapotecan,Zapotec (Isthmus),zai
Zapotecan,Zapotec (Ixtlan),zpi
Zapotecan,Zapotec (Juárez),zaj
Zapotecan,Zapotec (Mitla),zap
Zapotecan,Zapotec (Mixtepec),zam
Zapotecan,Zapotec (Quiegolani),zaq
Zapotecan,Zapotec (San Lucas Quiaviní),zsq
Zapotecan,Zapotec (Texmelucan),zte
Zapotecan,Zapotec (Yatzachi),zya
Zapotecan,Zapotec (Zoogocho),zzo
Páezan,Páez,pae
Central Pama-Nyungan,Adynyamathanha,adn
Central Pama-Nyungan,Alyawarra,aly
Central Pama-Nyungan,Arabana,abn
Central Pama-Nyungan,Arrernte,arr
Central Pama-Nyungan,Arrernte (Mparntwe),amp
Central Pama-Nyungan,Arrernte (Western),awe
Central Pama-Nyungan,Banggarla,bnl
Central Pama-Nyungan,Diyari,diy
Central Pama-Nyungan,Innamincka,inn
Central Pama-Nyungan,Kaurna,kaq
Central Pama-Nyungan,Kaytej,kyt
Central Pama-Nyungan,Paakantyi,pkn
Central Pama-Nyungan,Pitta Pitta,ppi
Central Pama-Nyungan,Wangkangurru,wgg
Central Pama-Nyungan,Wangkumara,wan
Central Pama-Nyungan,Wirangu,wir
Northern Pama-Nyungan,Anguthimri,agt
Northern Pama-Nyungan,Biri,bii
Northern Pama-Nyungan,Dharumbal,dhb
Northern Pama-Nyungan,Djabugay,dja
Northern Pama-Nyungan,Dyirbal,dyi
Northern Pama-Nyungan,Gugadj,ggd
Northern Pama-Nyungan,Gunya,gny
Northern Pama-Nyungan,Guugu Yimidhirr,guu
Northern Pama-Nyungan,Kala Lagaw Ya,kly
Northern Pama-Nyungan,Kalkatungu,kgu
Northern Pama-Nyungan,Kugu Nganhcara,knc
Northern Pama-Nyungan,Kuku-Yalanji,kya
Northern Pama-Nyungan,Kunjen,kjn
Northern Pama-Nyungan,Kuuk Thaayorre,thy
Northern Pama-Nyungan,Kuuku Ya&#39;u,kuu
Northern Pama-Nyungan,Lamu-Lamu,lla
Northern Pama-Nyungan,Linngithig,lnj
Northern Pama-Nyungan,Margany,mny
Northern Pama-Nyungan,Mayi-Yapi,myy
Northern Pama-Nyungan,Mbabaram,mbb
Northern Pama-Nyungan,Ngawun,ngw
Northern Pama-Nyungan,Nyawaygi,nya
Northern Pama-Nyungan,Pakanha,pak
Northern Pama-Nyungan,Thaypan,thp
Northern Pama-Nyungan,Umpila,ump
Northern Pama-Nyungan,Uradhi,uhi
Northern Pama-Nyungan,Warrgamay,wrg
Northern Pama-Nyungan,Warrongo,wgu
Northern Pama-Nyungan,Wik Munkan,wmu
Northern Pama-Nyungan,Wik Ngathana,wn
Northern Pama-Nyungan,Yalarnnga,ylr
Northern Pama-Nyungan,Yidiny,yid
Northern Pama-Nyungan,Yir Yoront,yir
Southeastern Pama-Nyungan,Bandjalang,bnj
Southeastern Pama-Nyungan,Bandjalang (Casino),bca
Southeastern Pama-Nyungan,Bandjalang (Waalubal),bwa
Southeastern Pama-Nyungan,Bandjalang (Yugumbir),byu
Southeastern Pama-Nyungan,Colac,clc
Southeastern Pama-Nyungan,Dharawal,dhw
Southeastern Pama-Nyungan,Dhurga,dhu
Southeastern Pama-Nyungan,Gamilaraay,gml
Southeastern Pama-Nyungan,Gidabal,gid
Southeastern Pama-Nyungan,Gumbaynggir,gum
Southeastern Pama-Nyungan,Gureng Gureng,ggu
Southeastern Pama-Nyungan,Madimadi,mdm
Southeastern Pama-Nyungan,Muruwari,mrw
Southeastern Pama-Nyungan,Ngarinyeri,ngr
Southeastern Pama-Nyungan,Ngiyambaa,ngi
Southeastern Pama-Nyungan,Wagawaga,wkw
Southeastern Pama-Nyungan,Warrnambool,wrb
Southeastern Pama-Nyungan,Wathawurrung,wth
Southeastern Pama-Nyungan,Wembawemba,wem
Southeastern Pama-Nyungan,Woiwurrung,wwr
Southeastern Pama-Nyungan,Yaygir,yyg
Southeastern Pama-Nyungan,Yorta Yorta,yyo
Southeastern Pama-Nyungan,Yuwaalaraay,yuw
Western Pama-Nyungan,Badimaya,bdm
Western Pama-Nyungan,Balyku,bly
Western Pama-Nyungan,Bayungu,bxj
Western Pama-Nyungan,Bilinarra,bnr
Western Pama-Nyungan,Bularnu,bnu
Western Pama-Nyungan,Dhalandji,dhl
Western Pama-Nyungan,Dhargari,dhr
Western Pama-Nyungan,Dhuwal (Dätiwuy),dda
Western Pama-Nyungan,Djambarrpuyngu,djm
Western Pama-Nyungan,Djapu,djp
Western Pama-Nyungan,Djaru,djr
Western Pama-Nyungan,Djinang,djn
Western Pama-Nyungan,Gaalpu,glp
Western Pama-Nyungan,Gugada,gug
Western Pama-Nyungan,Gumatj,gmt
Western Pama-Nyungan,Gupapuyngu,guf
Western Pama-Nyungan,Gurindji,gji
Western Pama-Nyungan,Karadjeri,krj
Western Pama-Nyungan,Kariera,vka
Western Pama-Nyungan,Mantjiltjara,mnj
Western Pama-Nyungan,Martuthunira,mrt
Western Pama-Nyungan,Martu Wangka,mwa
Western Pama-Nyungan,Mirniny,mrj
Western Pama-Nyungan,Mudburra,mdb
Western Pama-Nyungan,Ngaanyatjarra,ntj
Western Pama-Nyungan,Ngadjumaja,ngj
Western Pama-Nyungan,Ngarinyman,ngy
Western Pama-Nyungan,Ngarla,nlr
Western Pama-Nyungan,Ngarluma,nlu
Western Pama-Nyungan,Nhanda,nha
Western Pama-Nyungan,Nyamal,nly
Western Pama-Nyungan,Nyangumarda,nyr
Western Pama-Nyungan,Nyungar,nju
Western Pama-Nyungan,Panyjima,pny
Western Pama-Nyungan,Pintupi,pin
Western Pama-Nyungan,Pitjantjatjara,pit
Western Pama-Nyungan,Ritharngu,rit
Western Pama-Nyungan,Walmatjari,wlm
Western Pama-Nyungan,Wanman,wbt
Western Pama-Nyungan,Warlpiri,wrl
Western Pama-Nyungan,Warluwara,wlw
Western Pama-Nyungan,Warumungu,wru
Western Pama-Nyungan,Watjarri,wat
Western Pama-Nyungan,Western Desert (Ooldea),wdo
Western Pama-Nyungan,Yankuntjatjara,ynk
Western Pama-Nyungan,Yanyuwa,yny
Western Pama-Nyungan,Yindjibarndi,yin
Western Pama-Nyungan,Yingkarta,yng
Western Pama-Nyungan,Yulparija,ylb
Panoan,Amahuaca,amc
Panoan,Capanahua,cap
Panoan,Cashibo,cas
Panoan,Cashinahua,csh
Panoan,Chácobo,cbo
Panoan,Karipuna (Panoan),kdg
Panoan,Matis,mts
Panoan,Matsés,myr
Panoan,Sharanahua,shh
Panoan,Shipibo-Konibo,shk
Panoan,Yaminahua,yam
Eastern Pauwasi,Karkar-Yuri,kyr
Peba-Yaguan,Yagua,yag
Chinookan,Chinook (Lower),ckl
Chinookan,Chinook (Upper),cku
Chinookan,Kathlamet,ktm
Klamath-Modoc,Klamath,klm
Maiduan,Konkow,knw
Maiduan,Maidu (Northeast),mne
Maiduan,Nisenan,nsn
Molala,Molala,mll
Sahaptian,Nez Perce,nez
Sahaptian,Sahaptin (Northern),shp
Sahaptian,Sahaptin (Umatilla),smt
Tsimshianic,Gitksan,git
Tsimshianic,Nisgha,nsg
Tsimshianic,Tsimshian (Coast),tsi
Wintuan,Patwin,ptw
Wintuan,Wintu,win
Yokuts,Wikchamni,wik
Yokuts,Yawelmani,ywl
Yokuts,Yokuts (Yaudanchi),yok
Costanoan,Mutsun,mut
Costanoan,Rumsien,cos
Miwok,Miwok (Bodega),mkb
Miwok,Miwok (Central Sierra),mcs
Miwok,Miwok (Lake),mwl
Miwok,Miwok (Northern Sierra),mwn
Miwok,Miwok (Plains),mwp
Miwok,Miwok (Southern Sierra),mss
Puinave,Puinave,pui
Puquina,Puquina,puq
Quechuan,Inga,iga
Quechuan,Quechua (Ancash),qan
Quechuan,Quechua (Ayacucho),qay
Quechuan,Quechua (Bolivian),qbo
Quechuan,Quechua (Cajamarca),qca
Quechuan,Quechua (Cochabamba),qco
Quechuan,Quechua (Cuzco),qcu
Quechuan,Quechua (Ecuadorean),qec
Quechuan,Quechua (Huallaga),qhu
Quechuan,Quechua (Imbabura),qim
Quechuan,Quechua (Tarma),qta
Eastern Saharan,Beria,zag
Western Saharan,Kanembu,kbu
Western Saharan,Kanuri,knr
Western Saharan,Tubu,tbu
Piaroa,Piaroa,pia
Sáliba,Sáliba (in Colombia),sba
Salinan,Salinan,sal
Bella Coola,Bella Coola,bco
Central Salish,Clallam,cla
Central Salish,Comox,cmx
Central Salish,Halkomelem (Island),hli
Central Salish,Halkomelem (Upriver),hlu
Central Salish,Lummi,lum
Central Salish,Lushootseed,lus
Central Salish,Musqueam,msq
Central Salish,Saanich,sch
Central Salish,Salish (Samish Straits),sss
Central Salish,Salish (Southern Puget Sound),sps
Central Salish,Salish (Straits),sst
Central Salish,Songish,sgs
Central Salish,Sooke,soo
Central Salish,Squamish,squ
Central Salish,Twana,twa
Interior Salish,Coeur d&#39;Alene,coe
Interior Salish,Columbia-Wenatchi,cwe
Interior Salish,Kalispel,kls
Interior Salish,Lillooet,lil
Interior Salish,Okanagan,oka
Interior Salish,Shuswap,shu
Interior Salish,Spokane,spo
Interior Salish,Thompson,tho
Tillamook,Tillamook,til
Tsamosan,Chehalis (Upper),chl
Sandawe,Sandawe,sdw
Senagi,Anggor,ang
Senagi,Dla (Menggwa),dlm
Senagi,Dla (Proper),der
Sentani,Sentani,snt
Sentani,Tabla,tbl
Ndu,Ambulas,amb
Ndu,Boiken,boi
Ndu,Hanga Hundi,hhu
Ndu,Iatmul,iat
Ndu,Manambu,mbu
Nukuma,Kwoma,kwo
Ram,Awtuw,awt
Sepik Hill,Alamblak,ala
Sepik Hill,Bahinemo,bhn
Sepik Hill,Sare,sar
Tama Sepik,Mehek,mhk
Tama Sepik,Yessan-Mayo,yes
Upper Sepik,Abau,aba
Upper Sepik,Iwam,iwm
Upper Sepik,Wogamusin,wog
Yellow River,Namia,nam
Shabo,Shabo,shb
Shompen,Shompen,smp
Chinese,Cantonese,cnt
Chinese,Fuzhou,fuz
Chinese,Hakka,hak
Chinese,Kunming,kug
Chinese,Mandarin,mnd
Chinese,Min (Southern),hok
Chinese,Wu,wuc
Bai,Bai,bai
Bodic,Amdo,amd
Bodic,Amdo (Themchen),amt
Bodic,Balti,blt
Bodic,Baragaunle,brl
Bodic,Bunan,ghr
Bodic,Byansi,bya
Bodic,Chantyal,chn
Bodic,Chaudangsi,chd
Bodic,Darma,drm
Bodic,Gurung,gur
Bodic,Jad,jad
Bodic,Johari,joh
Bodic,Kanashi,xns
Bodic,Kham (Dege),khd
Bodic,Kham (Tibetan) (Nangchen),knz
Bodic,Kinnauri,knn
Bodic,Kyirong,kgy
Bodic,Ladakhi,lad
Bodic,Lhomi,lho
Bodic,Manange,nmm
Bodic,Marchha,mrc
Bodic,Nar-Phu,nph
Bodic,Nyamkad,nyk
Bodic,Pattani,ptt
Bodic,Purki,prk
Bodic,Rang Pas,rpa
Bodic,Sherpa,she
Bodic,Sikkimese,skk
Bodic,Spitian,spi
Bodic,Tamang (Eastern),tam
Bodic,Tangbe,tbx
Bodic,Thakali,thk
Bodic,Tibetan (Dingri),tdi
Bodic,Tibetan (Drokpa),tdr
Bodic,Tibetan (Modern Literary),tmo
Bodic,Tibetan (Shigatse),tis
Bodic,Tibetan (Standard Spoken),tib
Bodic,Tinani,tni
Bodic,Tod,tod
Bodic,Tshangla,tgl
Bodo-Garo,Bodo,bod
Bodo-Garo,Deuri,deu
Bodo-Garo,Dimasa,dms
Bodo-Garo,Garo,gar
Bodo-Garo,Kachari,kac
Bodo-Garo,Kokborok,kok
Burmese-Lolo,Achang,acn
Burmese-Lolo,Akha,akh
Burmese-Lolo,Arakanese (Marma),akm
Burmese-Lolo,Bisu,biu
Burmese-Lolo,Burmese,brm
Burmese-Lolo,Hani,han
Burmese-Lolo,Jino,jin
Burmese-Lolo,Lahu,lah
Burmese-Lolo,Lalo,lal
Burmese-Lolo,Lisu,lis
Burmese-Lolo,Maru,mru
Burmese-Lolo,Nuosu,yi
Burmese-Lolo,Nusu,nus
Burmese-Lolo,Yi (Wuding-Luquan),yiw
Dhimalic,Dhimal,dhm
Digaroan,Digaro,dig
Digaroan,Idu,idu
Jingpho,Jingpho,jng
Karen,Karen (Bwe),kbw
Karen,Karen (Pwo),kpw
Karen,Karen (Sgaw),ksg
Karen,Kayah Li (Eastern),kyl
Karen,Phlong,phl
Kuki-Chin,Angami,agm
Kuki-Chin,Ao,ao
Kuki-Chin,Bawm,baw
Kuki-Chin,Chin (Mara),cmr
Kuki-Chin,Chin (Siyin),chs
Kuki-Chin,Chin (Tiddim),cti
Kuki-Chin,Hmar,hma
Kuki-Chin,Hyow,hyo
Kuki-Chin,Kabui,kbi
Kuki-Chin,Khumi,khu
Kuki-Chin,Lai,lai
Kuki-Chin,Lotha,lot
Kuki-Chin,Meithei,mei
Kuki-Chin,Mikir,mik
Kuki-Chin,Mizo,miz
Kuki-Chin,Naga (Mao),nma
Kuki-Chin,Naga (Tangkhul),ngt
Kuki-Chin,Naga (Zeme),nze
Kuki-Chin,Paite,pte
Kuki-Chin,Ralte,ral
Kuki-Chin,Sema,sem
Kuki-Chin,Tarao,tao
Kuki-Chin,Thadou,thd
Lepcha,Lepcha,lep
Mahakiranti,Athpare,ath
Mahakiranti,Belhare,bel
Mahakiranti,Camling,cml
Mahakiranti,Chepang,cpn
Mahakiranti,Dumi,dmi
Mahakiranti,Hayu,hay
Mahakiranti,Khaling,khg
Mahakiranti,Kham,kmh
Mahakiranti,Kulung,klg
Mahakiranti,Limbu,lim
Mahakiranti,Magar,mag
Mahakiranti,Magar (Syangja),msy
Mahakiranti,Newar (Dolakha),nwd
Mahakiranti,Newari (Kathmandu),new
Mahakiranti,Thangmi,thn
Mahakiranti,Thulung,thu
Mahakiranti,Wambule,wme
Mahakiranti,Yamphu,ybi
Naxi,Naxi,nax
Northern Naga,Chang,chg
Northern Naga,Jugli,jug
Northern Naga,Lungchang,lun
Northern Naga,Nocte,noc
Northern Naga,Tutsa,tvt
Nungish,Anong,ano
Nungish,Dulong,dul
Nungish,Rawang,raw
Qiangic,Pumi,pum
Qiangic,Qiang,qia
Raji-Raute,Raji,rji
rGyalrong,Gyarong (Cogtse),gyc
rGyalrong,Jiarong,jia
rGyalrong,rGyalrong (Caodeng),rgc
Tani,Apatani,apt
Tani,Bokar,boq
Tani,Bori,boj
Tani,Galo,gal
Tani,Miju,mij
Tani,Milang,mil
Tani,Miri (Hill):,mhl
Tani,Mising,msg
Tani,Nyishi,nis
Western Arunachal,Bugun,bgn
Western Arunachal,Sherdukpen,shd
Catawban,Catawba,ctw
Core Siouan,Biloxi,blx
Core Siouan,Crow,cro
Core Siouan,Dakota,dak
Core Siouan,Hidatsa,hid
Core Siouan,Lakhota,lkt
Core Siouan,Mandan,mdn
Core Siouan,Omaha,omh
Core Siouan,Osage,osa
Core Siouan,Oto,oto
Core Siouan,Stoney,sto
Core Siouan,Tutelo,tte
Core Siouan,Winnebago,wnb
Krisa,I&#39;saka,isa
Serra Hills,Poko-Rawo,pok
Serra Hills,Womo,wom
Warapu,Barupu,brp
Western Skou,Dumo,dum
Western Skou,Skou,sko
Bilua,Bilua,bil
Lavukaleve,Lavukaleve,lav
Savosavo,Savosavo,svs
Songhay,Koyraboro Senni,kse
Songhay,Koyra Chiini,kch
Songhay,Zarma,zar
South Andamanese,Jarawa (in Andamans),jrw
South Andamanese,Onge,ong
Inanwatan,Inanwatan,ina
South Bird&#39;s Head Proper,Arandai,ard
Ngankikurungkurr,Ngan&#39;gityemerri,ngg
Ngankikurungkurr,Ngankikurungkurr,ngk
Murrinh-Patha,Murrinh-Patha,mpa
Sulka,Sulka,sul
Sulung,Sulung,slg
Tacame,Esmeraldeño,esm
Tacanan,Araona,ana
Tacanan,Cavineña,cav
Tacanan,Ese Ejja,ese
Tacanan,Tacana,tac
Hlai,Hlai (Baoding),lic
Kadai,Gelao,gla
Kadai,Lachi,lch
Kadai,Laha,lha
Kadai,Lakkia,lkk
Kam-Tai,Dong (Southern),don
Kam-Tai,Khün,khn
Kam-Tai,Lao,lao
Kam-Tai,Lü,lu
Kam-Tai,Mulao,mul
Kam-Tai,Nung (in Vietnam),nun
Kam-Tai,Saek,sae
Kam-Tai,Shan,sha
Kam-Tai,Sui,sui
Kam-Tai,Thai,tha
Kam-Tai,Yay,yay
Kam-Tai,Zhuang (Northern),zhn
Takelma,Takelma,tkl
Tangkic,Kayardild,kay
Tangkic,Lardil,lrd
Tangkic,Yukulta,yuk
Tarascan,Purépecha,pur
Tasmanian,Tasmanian,tsm
Tasmanian,Tasmanian (Oyster Bay to Pitwater),toy
Taulil,Taulil,tll
Taushiro,Taushiro,tsr
Pawaian,Pawaian,paw
Teberan,Dadibi,dad
Teberan,Folopa,pdp
Tequistlatecan,Chontal (Highland),cho
Tequistlatecan,Chontal (Huamelultec Oaxaca),chx
Ticuna,Ticuna,tic
Greater Alor,Abui,abv
Greater Alor,Adang,adg
Greater Alor,Kui (in Indonesia),kiu
Greater Alor,Woisika,woi
Kolana-Tanglapui,Kolana,kln
Kolana-Tanglapui,Tanglapui,tgp
Makasae-Fataluku-Oirata,Makasae,mkj
Timote-Cuica,Cuica,cuc
Timucua,Timucua,tmc
Tiwian,Tiwi,tiw
Tol,Tol,tol
Tonkawa,Tonkawa,ton
Orya,Orya,ory
Tor,Berik,brk
Kombio-Arapesh,Arapesh (Abu),aab
Kombio-Arapesh,Arapesh (Mountain),arp
Kombio-Arapesh,Kombio,xbi
Kombio-Arapesh,Mufian,aoj
Marienberg,Kamasau,kmz
Urim,Urim,uri
Wapei-Palei,Au,au
Wapei-Palei,Ningil,nin
Wapei-Palei,Olo,olo
Wapei-Palei,Urat,urt
Wapei-Palei,Walman,wal
Wapei-Palei,Yil,yil
West Wapei,One,one
Totonacan,Tepehua (Huehuetla),tee
Totonacan,Tepehua (Tlachichilco),tep
Totonacan,Totonac (Misantla),tot
Totonacan,Totonac (Papantla),tpa
Totonacan,Totonac (Sierra),tos
Totonacan,Totonac (Xicotepec de Juárez),txj
Angan,Ampeeli,ape
Angan,Angaataha,ant
Angan,Baruya,bry
Angan,Hamtai,ham
Angan,Menya,mey
Asmat-Kamoro,Asmat,asm
Asmat-Kamoro,Kamoro,kmr
Awju-Dumut,Aghu,ahu
Awju-Dumut,Kombai,kmb
Awju-Dumut,Korowai,krw
Awju-Dumut,Pisa,pis
Awju-Dumut,Wambon,wbn
Binanderean,Binandere,bin
Binanderean,Guhu-Samane,guh
Binanderean,Korafe,krf
Binanderean,Orokaiva,oro
Binanderean,Suena,sue
Chimbu,Chuave,cve
Chimbu,Golin,gln
Chimbu,Kuman,kmn
Chimbu,Maring,mav
Chimbu,Salt-Yui,syu
Chimbu,Tabare,tba
Chimbu,Umbu Ungu,kgl
Chimbu,Wahgi,wah
Dani,Dani (Lower Grand Valley),dni
Dani,Yali,yli
Duna,Duna,dun
Eastern Highlands,Agarabi,aga
Eastern Highlands,Auyana,auy
Eastern Highlands,Awa,awa
Eastern Highlands,Benabena,beb
Eastern Highlands,Binumarien,bnm
Eastern Highlands,Fore,for
Eastern Highlands,Gadsup,gds
Eastern Highlands,Gahuku,gah
Eastern Highlands,Hua,hua
Eastern Highlands,Kamano-Kafe,kak
Eastern Highlands,Siane,sia
Eastern Highlands,Tairora,trr
Eastern Highlands,Usarufa,usr
Eastern Highlands,Yagaria,ygr
Engan,Enga,ena
Engan,Kewa,kew
Engan,Kyaka,kyk
Fasu,Fasu,fas
Finisterre-Huon,Burum,bmr
Finisterre-Huon,Kâte,kat
Finisterre-Huon,Nabak,nab
Finisterre-Huon,Nankina,nnk
Finisterre-Huon,Ono,ono
Finisterre-Huon,Rawa,rwa
Finisterre-Huon,Selepet,slp
Finisterre-Huon,Wantoat,wnt
Goilalan,Kunimaipa,kmp
Goilalan,Weri,wer
Koiarian,Barai,baa
Koiarian,Koiali (Mountain),kmo
Koiarian,Koiari,koi
Koiarian,Koita,kta
Koiarian,Ömie,omi
Kutubuan,Foe,foe
Madang,Amele,ame
Madang,Anamuxra,amx
Madang,Bargam,mug
Madang,Bau,bau
Madang,Bongu,bon
Madang,Garus,grs
Madang,Kalam,klq
Madang,Kobon,kob
Madang,Nend,nnd
Madang,Siroi,sro
Madang,Tauya,tau
Madang,Usan,usa
Madang,Waskia,wsk
Mailuan,Magi,mgi
Mairasi-Tanahmerah,Mairasi,mrs
Mek,Eipo,eip
Mek,Ketengban,ktn
Mek,Una,una
Mek,Yale (Kosarek),yal
Momuna,Momuna,mqf
Ok,Kati (in West Papua  Indonesia),kti
Ok,Mian,mpt
Ok,Telefol,tlf
Ok,Tifal,tif
Wissel Lakes-Kemandoga,Ekari,eka
Wissel Lakes-Kemandoga,Moni,mni
Trumai,Trumai,tru
Tu,/Xam,xam
Tu,!Xóõ,xoo
Tucanoan,Barasano,brs
Tucanoan,Carapana,crp
Tucanoan,Cubeo,cub
Tucanoan,Desano,des
Tucanoan,Guanano,gno
Tucanoan,Koreguaje,kje
Tucanoan,Macuna,mcn
Tucanoan,Orejón,ore
Tucanoan,Piratapuyo,prt
Tucanoan,Retuarã,ret
Tucanoan,Secoya,sec
Tucanoan,Siona,sin
Tucanoan,Siriano,sri
Tucanoan,Tatuyo,tty
Tucanoan,Tucano,tuc
Tucanoan,Tuyuca,tuy
Tucanoan,Waimaha,bno
Tucanoan,Yuruti,yrt
Tunica,Tunica,tun
Arikem,Karitiâna,kna
Monde,Gavião,gav
Munduruku,Mundurukú,muu
Ramarama,Karó (Arára),kaa
Tupari,Mekens,mek
Tupi-Guaraní,Aché,ach
Tupi-Guaraní,Asuriní,asu
Tupi-Guaraní,Chiriguano,crg
Tupi-Guaraní,Cocama,coc
Tupi-Guaraní,Émérillon,eme
Tupi-Guaraní,Guajajara,gjj
Tupi-Guaraní,Guaraní,gua
Tupi-Guaraní,Júma,jum
Tupi-Guaraní,Juruna,jrn
Tupi-Guaraní,Kaiwá,kaw
Tupi-Guaraní,Kamaiurá,kma
Tupi-Guaraní,Kayabí,kyz
Tupi-Guaraní,Omagua,oma
Tupi-Guaraní,Sirionó,srn
Tupi-Guaraní,Tapieté,tpt
Tupi-Guaraní,Tupi,tup
Tupi-Guaraní,Urubú-Kaapor,urk
Tupi-Guaraní,Wayampi,way
Turama-Kikorian,Rumu,rum
Piawi,Haruai,har
Samoyedic,Enets,ene
Samoyedic,Kamass,kms
Samoyedic,Nenets,ntu
Samoyedic,Nenets (Forest),nen
Samoyedic,Nganasan,nga
Samoyedic,Selkup,skp
Finnic,Estonian,est
Finnic,Finnish,fin
Finnic,Izhor,izh
Finnic,Karelian,krl
Finnic,Liv,liv
Finnic,Veps,vep
Finnic,Votic,vot
Mari,Mari (Hill),mah
Mari,Mari (Meadow),mme
Mordvin,Mordvin (Erzya),moe
Mordvin,Mordvin (Moksha),mmo
Permic,Komi-Permyak,kop
Permic,Komi-Zyrian,kzy
Permic,Udmurt,udm
Permic,Yazva,yzv
Saami,Saami (Central-South),scs
Saami,Saami (Kildin),ski
Saami,Saami (Northern),sno
Ugric,Hungarian,hun
Ugric,Khanty,kty
Ugric,Mansi,mns
Urarina,Urarina,urn
Uru-Chipaya,Chipaya,cpy
Uru-Chipaya,Uru,uru
Aztecan,Nahuatl (Central),nhc
Aztecan,Nahuatl (Huasteca),nhh
Aztecan,Nahuatl (Huauchinango),nhu
Aztecan,Nahuatl (Mecayapan Isthmus),nmi
Aztecan,Nahuatl (Michoacán),nhm
Aztecan,Nahuatl (Milpa Alta),nmp
Aztecan,Nahuatl (North Puebla),nhn
Aztecan,Nahuatl (Pajapan),npa
Aztecan,Nahuatl (Pochutla),nhp
Aztecan,Nahuatl (Sierra de Zacapoaxtla),nsz
Aztecan,Nahuatl (Tetelcingo),nht
Aztecan,Nahuatl (Xalitla),nhx
Aztecan,Pipil,pip
Cahita,Mayo,myo
Cahita,Yaqui,yaq
California Uto-Aztecan,Cahuilla,cah
California Uto-Aztecan,Cupeño,cup
California Uto-Aztecan,Luiseño,lui
California Uto-Aztecan,Serrano,srr
California Uto-Aztecan,Tübatulabal,tbb
Corachol,Cora,cor
Corachol,Huichol,hui
Hopi,Hopi,hop
Numic,Chemehuevi,cmh
Numic,Comanche,cmn
Numic,Kawaiisu,kws
Numic,Mono (in United States),mno
Numic,Paiute (Northern),pno
Numic,Paiute (Southern),put
Numic,Shoshone,sho
Numic,Shoshone (Wind River),swr
Numic,Tümpisa Shoshone,tsh
Numic,Ute,ute
Opata-Eudeve,Eudeve,eud
Tarahumaran,Guarijío,grj
Tarahumaran,Tarahumara (Central),tce
Tarahumaran,Tarahumara (Western),twe
Tepiman,Nevome,nev
Tepiman,O&#39;odham,ood
Tepiman,Pima Bajo,pba
Tepiman,Tepecano,tpc
Tepiman,Tepehuan (Northern),tpn
Tepiman,Tepehuan (Southeastern),tps
Tubar,Tubar,tub
Wagiman,Wagiman,wag
Northern Wakashan,Haisla,hsl
Northern Wakashan,Heiltsuk,hei
Northern Wakashan,Kwakw&#39;ala,kwk
Southern Wakashan,Kyuquot,kyq
Southern Wakashan,Makah,mak
Southern Wakashan,Nitinaht,nit
Southern Wakashan,Nuuchahnulth,nuu
Waorani,Waorani,wao
Wappo,Wappo,wap
Yukian,Yuki,yki
Warao,Warao,wra
Washo,Washo,was
West Bomberai,Baham,bdw
West Bomberai,Iha,iha
West Bougainville,Konua,knu
West Bougainville,Rotokas,rtk
Bringen,Maringarr,mrr
Bringen,Marrithiyel,mrh
Wagaydy,Emmi,emm
Wagaydy,Maranungku,mku
Western Fly,Meryam Mir,mer
Hatam,Hatam,hat
Kebar,Mpur,mpu
North-Central Bird&#39;s Head,Abun,abu
North-Central Bird&#39;s Head,Maybrat,may
North Halmaheran,Galela,gll
North Halmaheran,Pagu,pag
North Halmaheran,Sahu,sah
North Halmaheran,Tabaru,tbr
North Halmaheran,Ternate,trt
North Halmaheran,Tidore,tid
North Halmaheran,Tobelo,tlo
North Halmaheran,West Makian,wma
West Bird&#39;s Head,Tehit,tht
Worrorran,Gunin,gnn
Worrorran,Ungarinjin,ung
Worrorran,Worora,wor
Yale,Nagatman,nag
Yámana,Yahgan,yah
Yangmanic,Wardaman,wrd
Yanomam,Sanuma,snm
Yanomam,Shiriana,shi
Yanomam,Yanomámi,ynm
Yareban,Yareba,yar
Yaruro,Yaruro,yrr
Yatê,Fulniô,ful
Yawa,Yawa,yaw
Yele,Yelî Dnye,yel
Yeniseian,Ket,ket
Yeniseian,Kott,ktt
Yeniseian,Yugh,yug
Yuchi,Yuchi,yuc
Yukaghir,Yukaghir (Kolyma),yko
Yukaghir,Yukaghir (Tundra),ytu
Yuracare,Yuracare,yrc
Yurimangí,Yurimangí,yrm
Zamucoan,Ayoreo,ayr
Zaparoan,Arabela,arb
Zaparoan,Iquito,iqu
Zaparoan,Zaparo,zpr
Zuni,Zuni,zun
